osu_run,sample_id,date,site_abbrv,site,initial_weight,final_weight,units,media,dinotefuran,nitenpyram,thiamethoxam,clothianidin,imidacloprid,acetamiprid,thiacloprid
1,FP_1,04/29/2015,BG,Badger,3,1.99,ng/g,field_pollen,< 0.040,0.561,< 0.202,3.823,< 0.148,< 0.091,1.004
2,FP_2,05/01/2015,DS,Don Scott,3,2,ng/g,field_pollen,< 0.040,0.732,3.448,7.989,0.82,0.783,0.062
3,FP_3,04/29/2015,FSR,FSR,3,1.996,ng/g,field_pollen,< 0.040,< 0.434,< 0.202,2.832,0.718,0.213,0.296
4,FP_4,04/29/2015,HR,Honeyrun,3,1.98,ng/g,field_pollen,0.976,0.443,< 0.202,0.819,< 0.148,< 0.091,1.037
5,FP_5,04/29/2015,IB,IB1,3,1.996,ng/g,field_pollen,< 0.040,< 0.434,2.641,3.747,3.611,0.484,< 0.061
6,FP_6,04/30/2015,MC,Mechanicsburg,1,0.97,ng/g,field_pollen,< 0.040,< 0.434,< 0.202,< 0.618,< 0.148,0.438,0.822
7,FP_7,04/29/2015,MM,Moorman,3,2.01,ng/g,field_pollen,< 0.040,< 0.434,1.254,3.897,< 0.148,0.687,0.605
8,FP_8,04/29/2015,SC,Scioto Darby,3,1.998,ng/g,field_pollen,< 0.040,< 0.434,< 0.202,< 0.618,3.066,< 0.091,1.018
9,FP_9,04/29/2015,TV,Three Vs,3,1.996,ng/g,field_pollen,< 0.040,0.825,2.806,1.761,< 0.148,0.061,0.032
10,FP_10,04/30/2015,WB,WB,1,0.953,ng/g,field_pollen,0.925,< 0.434,7.517,6.35,6.311,1.424,1.674
11,FP_11,05/02/2015,BG,Badger,3,1.506,ng/g,field_pollen,0.118,< 0.434,3.047,4.247,2.405,0.541,0.407
12,FP_12,05/02/2015,DS,Don Scott,3,1.51,ng/g,field_pollen,0.099,0.945,5.091,5.291,2.039,0.467,0.589
13,FP_13,05/02/2015,FSR,FSR,3,1.499,ng/g,field_pollen,< 0.040,< 0.434,46.482,91.88,3.567,< 0.091,0.16
14,FP_14,05/02/2015,HR,Honeyrun,3,1.497,ng/g,field_pollen,< 0.040,0.985,< 0.202,12.714,0.217,0.268,< 0.061
15,FP_15,05/02/2015,IB,IB1,3,1.499,ng/g,field_pollen,0.286,0.593,1.547,5.086,2.259,0.559,0.694
16,FP_16,05/02/2015,MC,Mechanicsburg,3,1.499,ng/g,field_pollen,< 0.040,< 0.434,3.673,18.058,4.076,< 0.091,0.662
17,FP_17,05/02/2015,MM,Moorman,3,1.497,ng/g,field_pollen,< 0.040,< 0.434,2.716,8.959,1.177,0.253,0.183
18,FP_18,05/02/2015,SC,Scioto Darby,3,1.491,ng/g,field_pollen,< 0.040,< 0.434,< 0.202,50.276,10.022,0.804,0.73
19,FP_19,05/02/2015,TV,Three Vs,3,1.504,ng/g,field_pollen,< 0.040,0.225,1.672,15.342,2.083,0.314,0.341
20,FP_20,05/02/2015,WB,WB,3,1.51,ng/g,field_pollen,0.371,< 0.434,3.596,8.872,2.357,0.416,0.767
21,FP_21,05/05/2015,BG,Badger,3,1.508,ng/g,field_pollen,< 0.040,1.307,24.049,11.804,9.692,1.536,1.809
22,FP_22,05/05/2015,DS,Don Scott,3,1.51,ng/g,field_pollen,< 0.040,< 0.434,2.968,7.09,0.701,0.307,< 0.061
23,FP_23,05/05/2015,FSR,FSR,3,1.49,ng/g,field_pollen,< 0.040,< 0.434,19.051,46.935,4.645,0.631,0.825
24,FP_24,05/05/2015,HR,Honeyrun,3,1.49,ng/g,field_pollen,< 0.040,< 0.434,3.28,17.752,1.411,< 0.091,< 0.061
25,FP_25,05/05/2015,IB,IB1,3,1.5,ng/g,field_pollen,< 0.040,< 0.434,3.213,10.927,0.797,< 0.091,0.143
26,FP_26,05/05/2015,MC,Mechanicsburg,3,1.49,ng/g,field_pollen,< 0.040,< 0.434,3.029,9.855,1.793,0.747,0.494
27,FP_27,05/05/2015,MM,Moorman,3,1.5,ng/g,field_pollen,< 0.040,< 0.434,1.872,23.514,4.326,2.60E-01,0.137
28,FP_28,05/05/2015,SC,Scioto Darby,3,1.5,ng/g,field_pollen,< 0.040,< 0.434,5.226,10.326,2.124,< 0.091,0.694
29,FP_29,05/05/2015,TV,Three Vs,3,1.5,ng/g,field_pollen,< 0.040,1.057,16.692,37.944,0.879,0.186,0.137
30,FP_30,05/05/2015,WB,WB,3,1.5,ng/g,field_pollen,< 0.040,< 0.434,10.101,19.605,4.237,0.727,1.226
31,FP_31,05/08/2015,BG,Badger,3,2,ng/g,field_pollen,< 0.040,< 0.434,8.169,13.628,1.733,0.116,0.294
32,FP_32,05/08/2015,DS,Don Scott,3,2,ng/g,field_pollen,< 0.040,< 0.434,0.385,10.026,2.873,0.537,0.662
33,FP_33,05/08/2015,FSR,FSR,3,2.01,ng/g,field_pollen,< 0.040,< 0.434,1.387,2.223,1.49,< 0.091,0.392
34,FP_34,05/08/2015,HR,Honeyrun,3,1.99,ng/g,field_pollen,< 0.040,< 0.434,15.391,34.812,2.543,2.23E-01,< 0.061
35,FP_35,05/08/2015,IB,IB1,3,2,ng/g,field_pollen,< 0.040,0.787,6.737,7.984,3.378,0.753,0.742
36,FP_36,05/08/2015,MC,Mechanicsburg,3,1.98,ng/g,field_pollen,< 0.040,< 0.434,5.253,3.875,1.601,0.301,0.506
37,FP_37,05/08/2015,MM,Moorman,3,2,ng/g,field_pollen,< 0.040,< 0.434,3.226,9.407,5.729,0.164,0.469
38,FP_38,05/08/2015,SC,Scioto Darby,3,2,ng/g,field_pollen,< 0.040,< 0.434,2.191,4.089,2.107,0.083,0.613
39,FP_39,05/08/2015,TV,Three Vs,3,1.99,ng/g,field_pollen,0.062,0.066,2.744,7.554,1.094,0.12,0.219
40,FP_40,05/08/2015,WB,WB,3,1.99,ng/g,field_pollen,< 0.040,< 0.434,20.462,5.411,1.393,0.281,3.88E-01
41,FP_41,05/11/2015,BG,Badger,3,1.99,ng/g,field_pollen,< 0.040,< 0.434,11.7,14.2,4.214,0.382,1.357
42,FP_42,05/11/2015,DS,Don Scott,3,1.99,ng/g,field_pollen,< 0.040,< 0.434,< 0.202,1.81,1.456,0.204,2.80E-01
43,FP_43,05/11/2015,FSR,FSR,3,2.01,ng/g,field_pollen,< 0.040,< 0.434,12.858,17.014,27.844,0.061,0.522
44,FP_44,05/11/2015,HR,Honeyrun,3,2,ng/g,field_pollen,< 0.040,< 0.434,2.387,8.788,1.741,< 0.091,0.131
45,FP_45,05/11/2015,IB,IB1,3,2.04,ng/g,field_pollen,< 0.040,< 0.434,2.463,9.038,1.618,< 0.091,0.251
46,FP_46,05/11/2015,MC,Mechanicsburg,3,2,ng/g,field_pollen,< 0.040,< 0.434,1.673,1.772,1.889,0.239,0.411
47,FP_47,05/11/2015,MM,Moorman,3,2,ng/g,field_pollen,< 0.040,< 0.434,1.44,3.349,1.212,1.64E-01,2.46E-01
48,FP_48,05/11/2015,SC,Scioto Darby,3,2.02,ng/g,field_pollen,< 0.040,< 0.434,5.983,5.194,4.193,< 0.091,< 0.061
49,FP_49,05/11/2015,TV,Three Vs,3,2.02,ng/g,field_pollen,< 0.040,< 0.434,1.644,19.518,3.58,< 0.091,< 0.061
50,FP_50,05/11/2015,WB,WB,3,2,ng/g,field_pollen,< 0.040,< 0.434,5.287,9.744,3.478,0.216,0.614
51,FP_51,05/14/2015,BG,Badger,3,2,ng/g,field_pollen,< 0.029,0.093,< 0.057,0.555,2.016,< 0.047,0.042
52,FP_52,05/14/2015,DS,Don Scott,3,2.02,ng/g,field_pollen,0.012,0.291,< 0.057,0.279,0.895,2.24E-01,1.97E-01
53,FP_53,05/14/2015,FSR,FSR,3,2,ng/g,field_pollen,0.062,< 0.061,3.125,0.69,1.238,1.00E-02,2.16E-01
54,FP_54,05/14/2015,HR,Honeyrun,3,2.01,ng/g,field_pollen,< 0.029,0.424,1.185,1.775,1.079,< 0.047,0.229
55,FP_55,05/14/2015,IB,IB1,3,2,ng/g,field_pollen,< 0.029,0.45,14.373,1.371,0.505,0.069,0.248
56,FP_56,05/14/2015,MC,Mechanicsburg,3,1.99,ng/g,field_pollen,< 0.029,< 0.061,3.221,5.3,3.03,< 0.047,0.28
57,FP_57,05/14/2015,MM,Moorman,3,2,ng/g,field_pollen,< 0.029,< 0.061,2.81,2.395,6.713,< 0.047,1.751
58,FP_58,05/14/2015,SC,Scioto Darby,3,1.99,ng/g,field_pollen,< 0.029,< 0.061,< 0.057,< 0.938,1.243,< 0.047,0.168
59,FP_59,05/14/2015,TV,Three Vs,3,2,ng/g,field_pollen,< 0.029,0.053,0.615,< 0.938,0.761,< 0.047,0.317
60,FP_60,05/14/2015,WB,WB,3,1.99,ng/g,field_pollen,< 0.029,0.757,2.546,1.809,2.051,2.30E-01,0.249
61,FP_61,05/19/2015,BG,Badger,3,1.5,ng/g,field_pollen,0.642,< 0.061,4.153,2.285,3.067,0.926,0.304
62,FP_62,05/19/2015,DS,Don Scott,3,1.51,ng/g,field_pollen,0.081,< 0.061,0.611,< 0.938,1.153,0.129,0.278
63,FP_63,05/19/2015,FSR,FSR,3,1.5,ng/g,field_pollen,0.092,0.652,1.072,1.297,1.67,0.763,0.477
64,FP_64,05/19/2015,HR,Honeyrun,3,1.49,ng/g,field_pollen,< 0.029,1.004,0.701,< 0.938,4.039,< 0.047,0.785
65,FP_65,05/19/2015,IB,IB1,3,1.49,ng/g,field_pollen,< 0.029,0.254,1.822,0.286,1.42,< 0.047,0.385
66,FP_66,05/19/2015,MC,Mechanicsburg,3,1.5,ng/g,field_pollen,< 0.029,< 0.061,0.368,0.493,0.562,0.277,0.145
67,FP_67,05/19/2015,MM,Moorman,3,1.49,ng/g,field_pollen,< 0.029,< 0.061,< 0.057,1.701,3.095,< 0.047,0.359
68,FP_68,05/19/2015,SC,Scioto Darby,3,1.5,ng/g,field_pollen,0.116,0.645,1.661,0.639,3.52,< 0.047,0.467
69,FP_69,05/19/2015,TV,Three Vs,3,1.49,ng/g,field_pollen,< 0.029,0.22,1.517,< 0.938,1.22,< 0.047,0.364
70,FP_70,05/19/2015,WB,WB,3,1.49,ng/g,field_pollen,< 0.029,< 0.061,3.384,0.938,2.161,0.083,0.442
71,FP_71,05/23/2015,BG,Badger,3,1.98,ng/g,field_pollen,< 0.029,0.811,0.659,< 0.938,3.891,0.548,0.804
72,FP_72,05/23/2015,DS,Don Scott,3,1.98,ng/g,field_pollen,< 0.029,0.171,0.598,< 0.938,0.527,0.477,0.398
73,FP_73,05/23/2015,FSR,FSR,3,2,ng/g,field_pollen,< 0.029,0.165,0.87,< 0.938,2.638,0.41,0.567
74,FP_74,05/23/2015,HR,Honeyrun,3,2,ng/g,field_pollen,0.609,1.003,2.416,< 0.938,10.628,2.823,3.19
75,FP_75,05/23/2015,IB,IB1,3,2.01,ng/g,field_pollen,0.08,< 0.061,0.455,0.779,0.834,0.114,0.072
76,FP_76,05/23/2015,MC,Mechanicsburg,3,2,ng/g,field_pollen,0.33,< 0.061,< 0.057,7.236,2.705,0.493,0.897
77,FP_77,05/23/2015,MM,Moorman,3,1.99,ng/g,field_pollen,< 0.029,0.559,< 0.057,2.157,4.399,1.04,1.889
78,FP_78,05/23/2015,SC,Scioto Darby,3,2,ng/g,field_pollen,7.888,0.784,13.305,4.115,25.38,6.141,6.393
79,FP_79,05/23/2015,TV,Three Vs,3,2,ng/g,field_pollen,< 0.029,1.418,3.801,1.221,4.223,0.594,0.814
80,FP_80,05/23/2015,WB,WB,3,2.01,ng/g,field_pollen,< 0.029,4.238,3.484,2.677,2.106,< 0.047,0.433
81,FP_81,05/27/2015,BG,Badger,3,2,ng/g,field_pollen,0.35,0.691,2.699,< 0.938,1.519,0.434,0.204
82,FP_82,05/27/2015,DS,Don Scott,3,2,ng/g,field_pollen,0.891,0.08,< 0.057,1.704,5.023,1.614,1.913
83,FP_83,05/27/2015,FSR,FSR,3,2.02,ng/g,field_pollen,< 0.029,1.311,< 0.057,< 0.938,10.658,< 0.047,2.107
84,FP_84,05/27/2015,HR,Honeyrun,3,2.02,ng/g,field_pollen,< 0.029,0.311,< 0.057,7.52,4.81,< 0.047,1.489
85,FP_85,05/27/2015,IB,IB1,3,2,ng/g,field_pollen,< 0.029,0.745,0.92,< 0.938,4,< 0.047,1.332
86,FP_86,05/27/2015,MC,Mechanicsburg,3,2,ng/g,field_pollen,< 0.029,0.424,1.324,7.6,5.375,< 0.047,0.891
87,FP_87,05/27/2015,MM,Moorman,3,2,ng/g,field_pollen,< 0.029,< 0.061,< 0.057,< 0.938,3.865,0.11,1.189
88,FP_88,05/27/2015,SC,Scioto Darby,3,2.01,ng/g,field_pollen,1.13,< 0.061,< 0.057,< 0.938,6.915,< 0.047,1.674
89,FP_89,05/27/2015,TV,Three Vs,3,2,ng/g,field_pollen,0.277,0.351,0.879,0.696,3.642,0.781,0.793
90,FP_90,05/27/2015,WB,WB,3,1.99,ng/g,field_pollen,< 0.029,< 0.061,1.175,< 0.938,2.039,0.43,0.503
91,FP_91,05/07/2015,WV,Westerville,3,1.99,ng/g,field_pollen,< 0.029,0.108,< 0.057,4.734,1.121,0.098,0.147
92,FP_92,05/10/2015,WV,Westerville,3,2,ng/g,field_pollen,0.042,0.473,2.253,1.3,3.147,0.422,0.553
93,FP_93,05/16/2015,WV,Westerville,3,2,ng/g,field_pollen,< 0.029,0.32,1.535,< 0.938,1.573,0.136,0.437
94,FP_94,05/24/2015,WV,Westerville,3,1.98,ng/g,field_pollen,1.417,< 0.061,< 0.057,< 0.938,24.804,< 0.047,5.373
132,NB_P_132,8/4/2015,BG505,Badger,6.1,2.09,ng/g,nuc_box_pollen,< 0.044,< 0.078,9.189,9.055,1.786,0.693,5.59E-01
133,NB_P_133,8/4/2015,TV519,Three Vs,4.8,2.07,ng/g,nuc_box_pollen,< 0.044,< 0.078,2.702,3.951,1.921,0.266,0.865
134,NB_P_134,8/4/2015,TV505,Three Vs,5.1,1.99,ng/g,nuc_box_pollen,0.366,0.923,3.831,46.556,0.425,1.123,0.427
135,NB_P_135,8/4/2015,SC505,Scioto Darby,5.8,2,ng/g,nuc_box_pollen,< 0.044,< 0.078,1.816,8.293,1.471,0.204,0.584
136,NB_P_136,8/8/2015,TV519,Three Vs,0.8,0.68,ng/g,nuc_box_pollen,< 0.044,< 0.078,1.014,2.829,5.07,0.624,1.303
137,NB_P_137,8/8/2015,TV505,Three Vs,5.1,2.08,ng/g,nuc_box_pollen,< 0.044,< 0.078,3.51,7.468,0.893,< 0.029,< 0.064
138,NB_P_138,8/8/2015,SC505,Scioto Darby,4.4,1.92,ng/g,nuc_box_pollen,< 0.044,< 0.078,10.201,25.177,4.64,0.5,< 0.064
139,NB_P_139,8/12/2015,BG505,Badger,2,1.81,ng/g,nuc_box_pollen,< 0.044,< 0.078,9.106,11.112,3.955,< 0.029,0.179
140,NB_P_140,8/12/2015,TV519,Three Vs,3.5,2.03,ng/g,nuc_box_pollen,< 0.044,< 0.078,1.667,< 0.402,1.113,< 0.029,0.415
141,NB_P_141,8/12/2015,TV505,Three Vs,4.1,2.07,ng/g,nuc_box_pollen,< 0.044,0.45,2.559,5.923,1.148,< 0.029,0.289
142,NB_P_142,8/12/2015,SC505,Scioto Darby,3.2,2.04,ng/g,nuc_box_pollen,0.187,< 0.078,4.479,35.739,1.156,< 0.029,0.549
143,NB_P_143,8/13/2015,DS519,Don Scott,3.5,2.01,ng/g,nuc_box_pollen,< 0.044,< 0.078,8.691,1.901,2.598,0.202,< 0.064
144,NB_P_144,8/13/2015,MM505,Moorman,3.5,2.01,ng/g,nuc_box_pollen,< 0.044,< 0.078,3.659,7.449,2.64,< 0.029,0.377
145,NB_P_145,8/13/2015,TV505,Three Vs,2.9,2.06,ng/g,nuc_box_pollen,< 0.044,< 0.078,5.436,33.377,2.541,0.484,0.155
146,NB_P_146,8/16/2015,DS519,Don Scott,3.4,1.96,ng/g,nuc_box_pollen,< 0.044,< 0.078,< 0.099,< 0.402,0.82,0.292,0.171
147,NB_P_147,8/16/2015,MM505,Moorman,2.7,2,ng/g,nuc_box_pollen,< 0.044,0.359,3.599,6.458,0.82,0.319,< 0.064
148,NB_P_148,8/16/2015,TV505,Three Vs,3.8,2.08,ng/g,nuc_box_pollen,< 0.044,< 0.078,8.404,32.138,8.268,< 0.029,0.518
149,NB_P_149,8/23/2015,DS519,Don Scott,3.4,2.04,ng/g,nuc_box_pollen,< 0.044,< 0.078,0.881,< 0.402,1.067,0.319,0.288
150,NB_P_150,8/23/2015,MM505,Moorman,3.3,1.99,ng/g,nuc_box_pollen,< 0.044,< 0.078,0.888,5.738,1.743,< 0.029,0.331
151,NB_P_151,8/23/2015,TV505,Three Vs,3.6,2.09,ng/g,nuc_box_pollen,< 0.044,< 0.078,9.423,36.574,2.677,< 0.029,0.661
152,NB_P_152,8/25/2015,FSR505,FSR,3,2.05,ng/g,nuc_box_pollen,< 0.088,< 0.115,14.596,48.573,4.492,< 0.075,0.088
153,NB_P_153,8/25/2015,DS505 + Cloth,Don Scott,3.2,2.02,ng/g,nuc_box_pollen,< 0.088,0.148,0.747,86.165,1.656,< 0.075,0.062
154,NB_P_154,8/25/2015,WB505,WB,3,2.06,ng/g,nuc_box_pollen,< 0.088,< 0.115,2.217,14.671,0.801,< 0.075,0.454
155,NB_P_155,8/25/2015,DS505,Don Scott,3.2,2.06,ng/g,nuc_box_pollen,< 0.088,< 0.115,1.765,4.607,0.383,0.312,0.428
156,NB_P_156,8/29/2015,FSR505,FSR,3.3,2.09,ng/g,nuc_box_pollen,< 0.088,< 0.115,12.119,46.7,2.148,0.302,0.083
157,NB_P_157,8/29/2015,DS505 + Cloth,Don Scott,3.5,2.04,ng/g,nuc_box_pollen,< 0.088,1.104,2.109,78.51,2.358,0.454,0.263
158,NB_P_158,8/29/2015,WB505,WB,2.8,2.01,ng/g,nuc_box_pollen,< 0.088,0.785,5.097,13.356,0.767,0.366,0.033
159,NB_P_159,8/29/2015,DS505,Don Scott,3.5,2.05,ng/g,nuc_box_pollen,< 0.088,0.57,1.447,7.727,1.691,0.134,< 0.054
160,NB_P_160,9/2/2015,FSR505,FSR,3.2,1.97,ng/g,nuc_box_pollen,< 0.088,0.084,4.168,13.257,0.93,0.176,1.56E-01
161,NB_P_161,9/2/2015,DS505 + Cloth,Don Scott,2.9,2.09,ng/g,nuc_box_pollen,< 0.088,< 0.115,5.502,103.676,1.372,0.186,0.196
162,NB_P_162,9/2/2015,WB505,WB,3,2.01,ng/g,nuc_box_pollen,< 0.088,0.999,3.663,24.158,0.993,< 0.075,0.288
163,NB_P_163,9/2/2015,DS505,Don Scott,3.3,1.93,ng/g,nuc_box_pollen,< 0.088,< 0.115,1.339,10.906,1.992,0.162,0.266
164,NB_P_164,9/3/2015,DS511 + Cloth,Don Scott,3.1,2.09,ng/g,nuc_box_pollen,< 0.088,< 0.115,< 0.221,< 0.779,0.61,< 0.075,0.214
165,NB_P_165,9/3/2015,HR508,Honeyrun,4.5,1.97,ng/g,nuc_box_pollen,< 0.088,< 0.115,21.034,23.947,2.756,< 0.075,0.142
166,NB_P_166,9/3/2015,DS511,Don Scott,4.1,1.98,ng/g,nuc_box_pollen,< 0.088,< 0.115,1.54,78.837,1.579,5.71E-01,0.176
167,NB_P_167,9/3/2015,FSR502,FSR,4,2.1,ng/g,nuc_box_pollen,< 0.088,< 0.115,29.824,152.612,2.034,< 0.075,0.123
168,NB_P_168,9/4/2015,FSR519,FSR,5.3,2.06,ng/g,nuc_box_pollen,< 0.088,< 0.115,0.398,0.909,0.409,< 0.075,0.149
169,NB_P_169,9/4/2015,FSR511,FSR,5.5,1.99,ng/g,nuc_box_pollen,< 0.088,< 0.115,2.032,10.351,3.223,0.185,0.207
170,NB_P_170,9/4/2015,DS519,Don Scott,4.9,2.07,ng/g,nuc_box_pollen,< 0.088,0.292,< 0.221,< 0.779,0.388,0.114,0.309
171,NB_P_171,9/4/2015,SC519,Scioto Darby,5.2,2.09,ng/g,nuc_box_pollen,< 0.088,0.631,0.243,< 0.779,1.26E+00,0.146,1.60E-01
172,NB_P_172,9/4/2015,DS519 + Cloth,Don Scott,4.3,2.01,ng/g,nuc_box_pollen,< 0.088,0.488,< 0.221,19.803,0.163,< 0.075,0.169
173,NB_P_173,9/6/2015,FSR505,FSR,3.3,2.01,ng/g,nuc_box_pollen,0.36,0.46,5.311,18.626,1.348,0.144,0.148
174,NB_P_174,9/6/2015,DS505 + Cloth,Don Scott,3.1,1.98,ng/g,nuc_box_pollen,< 0.088,0.457,1.615,121.857,1.267,0.174,< 0.054
175,NB_P_175,9/6/2015,WB505,WB,3.3,1.99,ng/g,nuc_box_pollen,< 0.088,1.873,3.464,15.63,0.725,0.348,0.191
176,NB_P_176,9/6/2015,DS505,Don Scott,3.5,2.07,ng/g,nuc_box_pollen,< 0.088,< 0.115,1.676,7.197,2.845,6.10E-02,0.18
177,NB_P_177,9/7/2015,DS511 + Cloth,Don Scott,2.9,1.99,ng/g,nuc_box_pollen,< 0.088,0.488,0.794,83.337,0.993,0.194,9.30E-02
178,NB_P_178,9/7/2015,HR508,Honeyrun,2.6,1.99,ng/g,nuc_box_pollen,< 0.088,< 0.115,9.273,30.902,2.951,0.091,1.19E-01
179,NB_P_179,9/7/2015,DS511,Don Scott,2.3,2,ng/g,nuc_box_pollen,< 0.088,< 0.115,0.728,2.171,1.333,0.233,1.66E-01
180,NB_P_180,9/7/2015,FSR502,FSR,3.3,1.98,ng/g,nuc_box_pollen,< 0.088,0.601,26.518,135.5,3.806,< 0.075,0.139
181,NB_P_181,9/8/2015,FSR519,FSR,3.1,2,ng/g,nuc_box_pollen,< 0.088,0.243,< 0.221,< 0.779,0.378,< 0.075,0.204
182,NB_P_182,9/8/2015,FSR511,FSR,3,2.14,ng/g,nuc_box_pollen,< 0.088,0.946,13.896,18.349,26.045,0.312,< 0.054
183,NB_P_183,9/8/2015,DS519,Don Scott,2.7,1.92,ng/g,nuc_box_pollen,< 0.088,1.343,< 0.221,< 0.779,1.329,0.079,0.263
184,NB_P_184,9/8/2015,SC519,Scioto Darby,3.2,2.06,ng/g,nuc_box_pollen,< 0.088,< 0.115,0.846,< 0.779,3.299,< 0.075,0.418
185,NB_P_185,9/8/2015,DS519 + Cloth,Don Scott,3,2.1,ng/g,nuc_box_pollen,< 0.088,0.952,1.196,154.951,1.83,0.305,0.34
186,NB_P_186,9/11/2015,DS511 + Cloth,Don Scott,3.3,2.02,ng/g,nuc_box_pollen,< 0.088,1.185,0.385,301.236,3.351,0.849,0.659
187,NB_P_187,9/11/2015,HR508,Honeyrun,3.4,2.26,ng/g,nuc_box_pollen,< 0.088,< 0.115,11.486,82.863,6.105,< 0.075,0.25
188,NB_P_188,9/11/2015,DS511,Don Scott,2.9,1.99,ng/g,nuc_box_pollen,< 0.088,2.657,4.358,1.578,1.511,5.44E-01,0.329
189,NB_P_189,9/11/2015,FSR502,FSR,3.1,2.05,ng/g,nuc_box_pollen,< 0.088,0.569,56.496,419.497,7.575,< 0.075,0.344
190,NB_P_190,9/12/2015,FSR519,FSR,2.7,2,ng/g,nuc_box_pollen,< 0.088,2.644,0.743,< 0.779,0.387,< 0.075,0.037
191,NB_P_191,9/12/2015,FSR511,FSR,2.1,2.09,ng/g,nuc_box_pollen,< 0.088,< 0.115,19.077,21.93,67.366,0.089,0.29
192,NB_P_192,9/12/2015,DS519,Don Scott,2.8,2.04,ng/g,nuc_box_pollen,< 0.088,1.239,< 0.221,< 0.779,2.222,0.576,0.264
193,NB_P_193,9/12/2015,SC519,Scioto Darby,2.7,2,ng/g,nuc_box_pollen,< 0.088,< 0.115,0.187,< 0.779,2.027,0.74,< 0.054
194,NB_P_194,9/12/2015,DS519 + Cloth,Don Scott,3.2,1.95,ng/g,nuc_box_pollen,< 0.088,< 0.115,1.548,141.504,1.233,0.297,1.191
195,NB_P_195,9/15/2015,DS511 + Cloth,Don Scott,2.9,2.17,ng/g,nuc_box_pollen,< 0.088,< 0.115,3.007,217.772,2.951,0.335,0.267
196,NB_P_196,9/15/2015,HR508,Honeyrun,2.1,2.13,ng/g,nuc_box_pollen,< 0.088,0.748,14.676,67.729,5.753,0.031,0.604
197,NB_P_197,9/15/2015,DS511,Don Scott,1.8,1.86,ng/g,nuc_box_pollen,< 0.088,1.093,< 0.221,0.109,1.176,< 0.075,0.211
198,NB_P_198,9/15/2015,FSR502,FSR,3,2.16,ng/g,nuc_box_pollen,< 0.088,1.19,44.906,358.343,6.418,< 0.075,0.256
199,NB_P_199,9/16/2015,FSR519,FSR,2.8,1.98,ng/g,nuc_box_pollen,< 0.088,5.841,0.789,< 0.779,0.654,< 0.075,0.069
200,NB_P_200,9/16/2015,FSR511,FSR,2.5,2.08,ng/g,nuc_box_pollen,< 0.088,< 0.115,18.274,43.449,46.489,< 0.075,< 0.054
201,NB_P_201,9/16/2015,DS519,Don Scott,2.7,2.13,ng/g,nuc_box_pollen,< 0.088,< 0.115,< 0.221,< 0.779,0.505,< 0.075,1.49E-01
202,NB_P_202,9/16/2015,SC519,Scioto Darby,2.8,2.05,ng/g,nuc_box_pollen,< 0.088,< 0.115,< 0.221,< 0.779,2.126,< 0.075,0.196
203,NB_P_203,9/16/2015,DS519 + Cloth,Don Scott,2.6,2.12,ng/g,nuc_box_pollen,< 0.088,< 0.115,< 0.221,52.953,1.558,0.604,0.117
204,NB_P_204,9/17/2015,TV514 + Cloth,Three Vs,3.8,2.03,ng/g,nuc_box_pollen,< 0.044,< 0.078,< 0.099,46.823,2.197,< 0.029,0.458
205,NB_P_205,9/17/2015,MM502,Moorman,4.5,2.1,ng/g,nuc_box_pollen,< 0.044,< 0.078,3.141,3.579,1.166,0.157,0.56
206,NB_P_206,9/17/2015,TV514,Three Vs,5.4,1.96,ng/g,nuc_box_pollen,< 0.044,< 0.078,0.821,6.298,1.437,0.69,0.468
207,NB_P_207,9/17/2015,HR502,Honeyrun,5.1,2.04,ng/g,nuc_box_pollen,< 0.044,< 0.078,3.25,6.247,1.434,0.395,0.679
208,NB_P_208,9/17/2015,TV502,Three Vs,4.4,2.02,ng/g,nuc_box_pollen,< 0.044,< 0.078,3.237,7.777,2.253,0.164,0.554
209,NB_P_209,9/17/2015,BG502,Badger,4.7,1.98,ng/g,nuc_box_pollen,< 0.044,< 0.078,2.253,3.027,3.124,< 0.029,1.829
210,NB_P_210,9/17/2015,BG508,Badger,4.4,2.06,ng/g,nuc_box_pollen,< 0.044,< 0.078,11.354,13.355,1.501,< 0.029,0.466
211,NB_P_211,9/21/2015,TV514 + Cloth,Three Vs,3.8,2,ng/g,nuc_box_pollen,< 0.044,< 0.078,2.672,3.831,1.658,1.085,0.775
212,NB_P_212,9/21/2015,MM502,Moorman,2.9,2.05,ng/g,nuc_box_pollen,< 0.044,< 0.078,3.61,27.191,4.344,0.799,1.502
213,NB_P_213,9/21/2015,TV514,Three Vs,3.3,2.03,ng/g,nuc_box_pollen,< 0.044,< 0.078,2.805,5.241,1.012,< 0.029,0.608
214,NB_P_214,9/21/2015,HR502,Honeyrun,2.7,2.04,ng/g,nuc_box_pollen,< 0.044,< 0.078,6.703,< 0.402,3.784,0.161,1.476
215,NB_P_215,9/21/2015,TV502,Three Vs,3.8,2.03,ng/g,nuc_box_pollen,0.058,< 0.078,2.898,8.306,2.086,0.482,0.567
216,NB_P_216,9/21/2015,BG502,Badger,3.1,2.02,ng/g,nuc_box_pollen,1.668,0.496,7.227,6.959,2.296,< 0.029,0.721
217,NB_P_217,9/21/2015,BG508,Badger,3.1,1.99,ng/g,nuc_box_pollen,< 0.044,< 0.078,2.898,4.045,1.018,< 0.029,0.513
218,NB_P_218,9/25/2015,TV514 + Cloth,Three Vs,4.1,2.12,ng/g,nuc_box_pollen,< 0.044,1.238,7.207,10.368,1.595,0.355,0.383
219,NB_P_219,9/25/2015,MM502,Moorman,2.7,2,ng/g,nuc_box_pollen,< 0.044,< 0.078,2.341,31.343,2.28,< 0.029,1.046
220,NB_P_220,9/25/2015,TV514,Three Vs,3.4,2.05,ng/g,nuc_box_pollen,< 0.044,0.225,3.17,7.567,1.687,< 0.029,0.399
221,NB_P_221,9/25/2015,HR502,Honeyrun,2.7,2.01,ng/g,nuc_box_pollen,< 0.044,< 0.078,< 0.099,0.523,2.151,1.032,0.903
222,NB_P_222,9/25/2015,TV502,Three Vs,3.3,2.03,ng/g,nuc_box_pollen,< 0.044,< 0.078,3.824,8.414,1.771,0.636,0.479
223,NB_P_223,9/25/2015,BG502,Badger,2.9,1.98,ng/g,nuc_box_pollen,< 0.044,< 0.078,0.336,5.429,2.024,0.318,0.342
224,NB_P_224,9/25/2015,BG508,Badger,3,2.03,ng/g,nuc_box_pollen,0.125,< 0.078,3.396,8.65,1.502,< 0.029,0.436
225,NB_P_225,9/29/2015,TV514 + Cloth,Three Vs,3.4,2.12,ng/g,nuc_box_pollen,< 0.044,< 0.078,0.472,57.595,2.038,0.827,0.325
226,NB_P_226,9/29/2015,MM502,Moorman,3.4,2.02,ng/g,nuc_box_pollen,< 0.044,< 0.078,2.345,5.745,1.122,< 0.029,0.96
227,NB_P_227,9/29/2015,TV514,Three Vs,3.1,2.04,ng/g,nuc_box_pollen,< 0.044,< 0.078,0.343,4.14,1.592,3.08E-01,0.282
228,NB_P_228,9/29/2015,HR502,Honeyrun,3.7,2,ng/g,nuc_box_pollen,< 0.044,1.328,4.257,6.101,1.026,0.168,0.445
229,NB_P_229,9/29/2015,TV502,Three Vs,3.8,2.05,ng/g,nuc_box_pollen,< 0.044,< 0.078,4.14,4.337,1.161,0.384,0.385
230,NB_P_230,9/29/2015,BG502,Badger,3.4,2.15,ng/g,nuc_box_pollen,< 0.044,< 0.078,2.68,6.131,1.75,< 0.029,0.799
231,NB_P_231,9/29/2015,BG508,Badger,3.3,2.02,ng/g,nuc_box_pollen,6.877,< 0.078,20.508,14.143,2.046,< 0.029,0.461
1,IH_BB_1,04/29/2015,BG,Badger,2,1.98,ng/g,in_hive_bee_bread,< 0.104,< 0.355,< 0.558,6.814,1.52,< 0.124,< 0.041
2,IH_BB_2,04/27/2015,DS,Don Scott,3,2,ng/g,in_hive_bee_bread,33.913,< 0.355,0.628,0.537,2.125,0.304,< 0.041
3,IH_BB_3,04/28/2015,HR,Honeyrun,2.6,2.03,ng/g,in_hive_bee_bread,0.388,< 0.355,< 0.558,< 0.998,0.302,0.351,< 0.041
4,IH_BB_4,04/28/2015,IB,IB1,2.2,1.98,ng/g,in_hive_bee_bread,< 0.104,< 0.355,< 0.558,< 0.998,2.63,< 0.124,< 0.041
5,IH_BB_5,04/30/2015,MM,Moorman,3,2.01,ng/g,in_hive_bee_bread,< 0.104,< 0.355,< 0.558,13.536,0.753,< 0.124,< 0.041
6,IH_BB_6,04/29/2015,SC,Scioto Darby,2,1.95,ng/g,in_hive_bee_bread,< 0.104,< 0.355,1.66,1.739,0.97,< 0.124,0.784
7,IH_BB_7,04/28/2015,TV,Three Vs,3.1,2.02,ng/g,in_hive_bee_bread,< 0.104,< 0.355,< 0.558,3.369,0.69,1.528,< 0.041
8,IH_BB_8,05/06/2015,BG,Badger,2,1.9,ng/g,in_hive_bee_bread,0.05,< 0.355,6.199,16.96,2.35,< 0.124,< 0.041
9,IH_BB_9,05/07/2015,DS,Don Scott,3,1.99,ng/g,in_hive_bee_bread,< 0.104,< 0.355,< 0.558,4.761,1.124,2.072,0.515
10,IH_BB_10,05/05/2015,HR,Honeyrun,2,1.96,ng/g,in_hive_bee_bread,1.539,< 0.355,< 0.558,19.949,54.041,< 0.124,< 0.041
11,IH_BB_11,05/07/2015,IB,IB1,1.7,1.6,ng/g,in_hive_bee_bread,< 0.104,< 0.355,6.695,29.639,2.047,1.828,< 0.041
12,IH_BB_12,05/05/2015,MM,Moorman,3.1,2.01,ng/g,in_hive_bee_bread,< 0.104,< 0.355,4.34,10.003,3.501,< 0.124,< 0.041
13,IH_BB_13,05/06/2015,SC,Scioto Darby,2,1.96,ng/g,in_hive_bee_bread,< 0.104,< 0.355,2.03,8.158,2.098,0.931,< 0.041
14,IH_BB_14,05/06/2015,TV,Three Vs,3,2,ng/g,in_hive_bee_bread,< 0.104,< 0.355,9.641,32.632,12.755,5.731,2.007
15,IH_BB_15,05/12/2015,BG,Badger,2.6,2,ng/g,in_hive_bee_bread,< 0.104,< 0.355,7.213,19.535,0.656,< 0.124,< 0.041
16,IH_BB_16,05/13/2015,DS,Don Scott,1.2,1.14,ng/g,in_hive_bee_bread,< 0.104,< 0.355,0.855,3.632,2.591,2.724,0.219
17,IH_BB_17,05/12/2015,HR,Honeyrun,1.9,1.82,ng/g,in_hive_bee_bread,< 0.104,< 0.355,8.369,52.396,3.144,< 0.124,< 0.041
18,IH_BB_18,05/12/2015,IB,IB1,1.6,1.57,ng/g,in_hive_bee_bread,< 0.104,< 0.355,< 0.558,8.53,1.15,< 0.124,< 0.041
19,IH_BB_19,05/13/2015,MM,Moorman,2,1.97,ng/g,in_hive_bee_bread,< 0.104,< 0.355,5.899,11.764,5.375,< 0.124,< 0.041
20,IH_BB_20,05/13/2015,SC,Scioto Darby,2.5,1.97,ng/g,in_hive_bee_bread,< 0.104,< 0.355,< 0.558,10.206,4.171,< 0.124,< 0.041
21,IH_BB_21,05/12/2015,TV,Three Vs,1.1,1.1,ng/g,in_hive_bee_bread,< 0.104,< 0.355,< 0.558,36.854,18.04,< 0.124,1.798
22,IH_BB_22,05/21/2015,BG,Badger,2,1.93,ng/g,in_hive_bee_bread,0.909,< 0.355,3.388,3.846,1.54,1.712,< 0.041
23,IH_BB_23,05/21/2015,DS,Don Scott,2.6,2.02,ng/g,in_hive_bee_bread,< 0.104,< 0.355,< 0.558,8.213,0.941,0.846,< 0.041
24,IH_BB_24,05/20/2015,HR,Honeyrun,3,2,ng/g,in_hive_bee_bread,1.302,2.834,1.331,5.981,4.126,2.218,< 0.041
25,IH_BB_25,05/20/2015,IB,IB1,3,2,ng/g,in_hive_bee_bread,< 0.104,2.324,< 0.558,11.6,2.886,0.399,< 0.041
26,IH_BB_26,05/22/2015,MM,Moorman,3,1.96,ng/g,in_hive_bee_bread,< 0.104,< 0.355,1.318,3.587,1.746,0.41,0.143
27,IH_BB_27,05/21/2015,SC,Scioto Darby,2.3,1.98,ng/g,in_hive_bee_bread,< 0.104,< 0.355,1.028,5.481,1.885,0.769,< 0.041
28,IH_BB_28,05/20/2015,TV,Three Vs,2,1.99,ng/g,in_hive_bee_bread,< 0.104,< 0.355,< 0.558,35.757,1.693,< 0.124,0.418
29,IH_H_29,04/29/2015,BG,Badger,11,5.2,ng/g,in_hive_honey,< 0.082,< 0.171,< 0.028,< 0.373,0.129,< 0.027,0.09
30,IH_H_30,04/27/2015,DS,Don Scott,14.4,5.22,ng/g,in_hive_honey,< 0.082,< 0.171,< 0.028,< 0.373,0.263,< 0.027,0.185
31,IH_H_31,04/28/2015,HR,Honeyrun,10.9,5.1,ng/g,in_hive_honey,0.03,< 0.171,0.047,< 0.373,0.14,0.061,0.061
32,IH_H_32,04/28/2015,IB,IB1,9.2,5.19,ng/g,in_hive_honey,0.02,< 0.171,< 0.028,< 0.373,0.313,0.063,0.031
33,IH_H_33,04/30/2015,MM,Moorman,6.7,4.99,ng/g,in_hive_honey,0.028,< 0.171,< 0.028,< 0.373,0.205,0.048,0.065
34,IH_H_34,04/29/2015,SC,Scioto Darby,6.9,5.04,ng/g,in_hive_honey,< 0.082,< 0.171,0.031,0.125,0.111,0.045,0.024
35,IH_H_35,04/28/2015,TV,Three Vs,11.3,5.18,ng/g,in_hive_honey,< 0.082,< 0.171,< 0.028,< 0.373,0.171,< 0.027,0.025
36,IH_H_36,05/06/2015,BG,Badger,13.6,5.21,ng/g,in_hive_honey,< 0.082,< 0.171,0.196,0.128,0.241,0.067,0.082
37,IH_H_37,05/07/2015,DS,Don Scott,14.9,5.02,ng/g,in_hive_honey,< 0.082,< 0.171,< 0.028,< 0.373,0.224,2.284,0.017
38,IH_H_38,05/05/2015,HR,Honeyrun,15.6,4.98,ng/g,in_hive_honey,< 0.082,< 0.171,0.344,0.154,0.167,0.089,0.046
39,IH_H_39,05/07/2015,IB,IB1,13.9,5.3,ng/g,in_hive_honey,< 0.082,< 0.171,0.137,0.253,0.249,0.084,0.042
40,IH_H_40,05/05/2015,MM,Moorman,14.3,5.17,ng/g,in_hive_honey,< 0.082,< 0.171,0.112,< 0.373,0.092,0.035,0.051
41,IH_H_41,05/06/2015,SC,Scioto Darby,13.6,5.16,ng/g,in_hive_honey,< 0.082,< 0.171,0.042,0.211,0.147,0.066,0.05
42,IH_H_42,05/06/2015,TV,Three Vs,14.7,5.2,ng/g,in_hive_honey,< 0.082,< 0.171,0.491,< 0.373,0.106,< 0.027,0.025
43,IH_H_43,05/12/2015,BG,Badger,12.3,5.98,ng/g,in_hive_honey,< 0.082,< 0.171,0.043,< 0.373,0.114,< 0.027,0.025
44,IH_H_44,05/13/2015,DS,Don Scott,8.6,5.07,ng/g,in_hive_honey,< 0.082,< 0.171,< 0.028,< 0.373,0.193,2.291,0.008
45,IH_H_45,05/12/2015,HR,Honeyrun,12.4,5.25,ng/g,in_hive_honey,0.037,< 0.171,0.19,0.566,0.09,0.054,< 0.024
46,IH_H_46,05/12/2015,IB,IB1,11.2,5.17,ng/g,in_hive_honey,< 0.082,< 0.171,0.025,0.167,0.153,0.046,0.033
47,IH_H_47,05/13/2015,MM,Moorman,9.5,5.04,ng/g,in_hive_honey,0.079,< 0.171,< 0.028,< 0.373,0.224,0.023,0.037
48,IH_H_48,05/13/2015,SC,Scioto Darby,9.6,5.1,ng/g,in_hive_honey,0.072,< 0.171,0.12,< 0.373,0.147,< 0.027,0.042
49,IH_H_49,05/12/2015,TV,Three Vs,9.5,5.12,ng/g,in_hive_honey,< 0.082,< 0.171,0.244,< 0.373,0.163,< 0.027,0.084
50,IH_H_50,05/21/2015,BG,Badger,13.6,5.25,ng/g,in_hive_honey,0.014,< 0.171,0.06,< 0.373,0.121,0.092,0.041
51,IH_H_51,05/21/2015,DS,Don Scott,13.3,5.4,ng/g,in_hive_honey,< 0.082,< 0.171,< 0.028,< 0.373,0.123,0.236,0.052
52,IH_H_52,05/20/2015,HR,Honeyrun,11.4,5.16,ng/g,in_hive_honey,0.024,< 0.171,0.312,0.136,0.109,< 0.027,0.034
53,IH_H_53,05/20/2015,IB,IB1,11.2,5.11,ng/g,in_hive_honey,< 0.082,< 0.171,0.072,0.048,0.159,< 0.027,0.029
54,IH_H_54,05/22/2015,MM,Moorman,12.2,5.16,ng/g,in_hive_honey,< 0.082,< 0.171,0.074,< 0.373,0.136,0.018,0.02
55,IH_H_55,05/21/2015,SC,Scioto Darby,9.5,5.04,ng/g,in_hive_honey,< 0.082,< 0.171,0.102,< 0.373,0.114,< 0.027,< 0.024
56,IH_H_56,05/20/2015,TV,Three Vs,10.9,4.97,ng/g,in_hive_honey,< 0.082,< 0.171,0.062,< 0.373,0.102,0.038,0.024
57,IH_L_57,04/29/2015,BG,Badger,4.8,1.153,ng/g,in_hive_larvae,< 0.042,< 0.123,< 0.058,< 1.024,< 0.137,< 0.110,1.778
58,IH_L_58,04/27/2015,DS,Don Scott,5.8,1.3447,ng/g,in_hive_larvae,< 0.042,< 0.123,< 0.058,< 1.024,< 0.137,< 0.110,< 0.031
59,IH_L_59,04/28/2015,HR,Honeyrun,5.7,1.2673,ng/g,in_hive_larvae,< 0.042,< 0.123,< 0.058,< 1.024,< 0.137,0.199,1.84
60,IH_L_60,04/28/2015,IB,IB1,5.5,1.2628,ng/g,in_hive_larvae,0.327,< 0.123,< 0.058,< 1.024,< 0.137,< 0.110,< 0.031
61,IH_L_61,04/30/2015,MM,Moorman,3,0.5644,ng/g,in_hive_larvae,< 0.042,< 0.123,< 0.058,< 1.024,< 0.137,1.781,1.457
62,IH_L_62,04/29/2015,SC,Scioto Darby,4.6,1.0408,ng/g,in_hive_larvae,< 0.042,< 0.123,< 0.058,< 1.024,< 0.137,1.356,0.745
63,IH_L_63,04/28/2015,TV,Three Vs,8,1.9061,ng/g,in_hive_larvae,0.446,< 0.123,< 0.058,< 1.024,< 0.137,0.418,< 0.031
64,IH_L_64,05/06/2015,BG,Badger,7.5,1.9008,ng/g,in_hive_larvae,< 0.042,< 0.123,< 0.058,< 1.024,< 0.137,< 0.110,< 0.031
65,IH_L_65,05/07/2015,DS,Don Scott,8.4,1.9605,ng/g,in_hive_larvae,< 0.042,< 0.123,< 0.058,< 1.024,< 0.137,< 0.110,0.251
66,IH_L_66,05/05/2015,HR,Honeyrun,3.2,0.7703,ng/g,in_hive_larvae,< 0.042,< 0.123,0.204,1.702,< 0.137,< 0.110,0.709
67,IH_L_67,05/07/2015,IB,IB1,6.2,1.4438,ng/g,in_hive_larvae,< 0.042,< 0.123,< 0.058,< 1.024,< 0.137,0.82,0.288
68,IH_L_68,05/05/2015,MM,Moorman,2.9,0.6143,ng/g,in_hive_larvae,< 0.042,< 0.123,< 0.058,< 1.024,< 0.137,0.306,0.442
69,IH_L_69,05/05/2015,SC,Scioto Darby,8.1,1.8816,ng/g,in_hive_larvae,< 0.042,< 0.123,< 0.058,< 1.024,< 0.137,2.679,0.206
70,IH_L_70,05/06/2015,TV,Three Vs,7.1,1.5951,ng/g,in_hive_larvae,0.186,< 0.123,< 0.058,0.729,< 0.137,< 0.110,0.679
71,IH_L_71,05/12/2015,BG,Badger,6.1,1.4535,ng/g,in_hive_larvae,< 0.042,< 0.123,< 0.058,< 1.024,< 0.137,< 0.110,0.806
72,IH_L_72,05/13/2015,DS,Don Scott,4.3,0.98,ng/g,in_hive_larvae,< 0.042,< 0.123,< 0.058,< 1.024,< 0.137,0.861,0.197
73,IH_L_73,05/12/2015,HR,Honeyrun,3.6,0.754,ng/g,in_hive_larvae,< 0.042,< 0.123,0.451,< 1.024,< 0.137,< 0.110,0.546
74,IH_L_74,05/12/2015,IB,IB1,7.3,1.7276,ng/g,in_hive_larvae,< 0.042,< 0.123,< 0.058,< 1.024,< 0.137,1.061,0.191
75,IH_L_75,05/13/2015,MM,Moorman,5.1,1.2245,ng/g,in_hive_larvae,0.561,< 0.123,< 0.058,< 1.024,< 0.137,1.154,0.463
76,IH_L_76,05/13/2015,SC,Scioto Darby,5.2,1.247,ng/g,in_hive_larvae,< 0.042,< 0.123,< 0.058,< 1.024,< 0.137,1.286,2.244
77,IH_L_77,05/12/2015,TV,Three Vs,1.4,0.2788,ng/g,in_hive_larvae,< 0.042,< 0.123,< 0.058,< 1.024,< 0.137,9.587,2.043
78,IH_L_78,05/21/2015,BG,Badger,7.4,1.8409,ng/g,in_hive_larvae,0.228,< 0.123,< 0.058,< 1.024,< 0.137,0.585,< 0.031
79,IH_L_79,05/21/2015,DS,Don Scott,6.8,1.5941,ng/g,in_hive_larvae,0.276,< 0.123,< 0.058,< 1.024,< 0.137,< 0.110,0.274
80,IH_L_80,05/20/2015,HR,Honeyrun,7.7,1.8189,ng/g,in_hive_larvae,< 0.042,< 0.123,< 0.058,< 1.024,< 0.137,0.217,< 0.031
81,IH_L_81,05/20/2015,IB,IB1,6.2,1.3024,ng/g,in_hive_larvae,0.277,< 0.123,< 0.058,< 1.024,< 0.137,< 0.110,< 0.031
82,IH_L_82,05/22/2015,MM,Moorman,5.8,1.4336,ng/g,in_hive_larvae,< 0.042,< 0.123,< 0.058,0.637,< 0.137,0.159,< 0.031
83,IH_L_83,05/21/2015,SC,Scioto Darby,6.1,1.4037,ng/g,in_hive_larvae,< 0.042,< 0.123,< 0.058,< 1.024,< 0.137,< 0.110,< 0.031
84,IH_L_84,05/20/2015,TV,Three Vs,4.8,1.1702,ng/g,in_hive_larvae,< 0.042,< 0.123,< 0.058,< 1.024,< 0.137,0.443,< 0.031
85,IH_NB_85,04/29/2015,BG,Badger,6.1,2.07,ng/g,in_hive_bees,< 0.995,< 3.848,9.84,< 2.236,< 0.837,< 0.360,< 0.303
86,IH_NB_86,04/27/2015,DS,Don Scott,12.3,2.0534,ng/g,in_hive_bees,2.85,20.21,8.67,28.36,< 0.837,< 0.360,< 0.303
87,IH_NB_87,04/28/2015,HR,Honeyrun,8.8,2.2772,ng/g,in_hive_bees,< 0.995,37.73,< 5.545,136.58,< 0.837,< 0.360,2.23
88,IH_NB_88,04/28/2015,IB,IB1,9.1,2.1853,ng/g,in_hive_bees,< 0.122,< 0.206,< 2.347,< 5.024,< 0.064,< 0.556,< 0.182
89,IH_NB_89,04/30/2015,MM,Moorman,13,2.156,ng/g,in_hive_bees,< 0.995,< 3.848,< 5.545,< 2.236,< 0.837,< 0.360,1.87
90,IH_NB_90,04/29/2015,SC,Scioto Darby,6.6,2.0491,ng/g,in_hive_bees,< 0.995,3.78,< 5.545,39.98,< 0.837,< 0.360,< 0.303
91,IH_NB_91,04/28/2015,TV,Three Vs,10,2.2269,ng/g,in_hive_bees,1.22,4.2,4.48,5.02,< 0.837,< 0.360,< 0.303
92,IH_NB_92,05/06/2015,BG,Badger,14.5,2.1503,ng/g,in_hive_bees,< 0.995,3.5,< 5.545,< 2.236,< 0.837,< 0.360,< 0.303
93,IH_NB_93,05/07/2015,DS,Don Scott,16.6,2.1286,ng/g,in_hive_bees,< 0.995,< 3.848,< 5.545,< 2.236,< 0.837,1.68,1.46
94,IH_NB_94,05/05/2015,HR,Honeyrun,9.5,2.1395,ng/g,in_hive_bees,< 0.995,20.36,< 5.545,< 2.236,< 0.837,< 0.360,< 0.303
95,IH_NB_95,05/07/2015,IB,IB1,7.8,2.2265,ng/g,in_hive_bees,< 0.122,< 0.206,< 2.347,< 5.024,< 0.064,< 0.556,< 0.182
96,IH_NB_96,05/05/2015,MM,Moorman,13.1,2.0411,ng/g,in_hive_bees,2.84,< 3.848,< 5.545,< 2.236,< 0.837,1.48,4.43
97,IH_NB_97,05/06/2015,SC,Scioto Darby,9.1,2.2484,ng/g,in_hive_bees,< 0.995,< 3.848,< 5.545,< 2.236,< 0.837,< 0.360,< 0.303
98,IH_NB_98,05/06/2015,TV,Three Vs,10.9,2.183,ng/g,in_hive_bees,1.82,8.98,< 5.545,29.14,< 0.837,< 0.360,1.02
99,IH_NB_99,05/12/2015,BG,Badger,8.7,2.0005,ng/g,in_hive_bees,< 0.995,16.07,< 5.545,< 2.236,< 0.837,< 0.360,< 0.303
100,IH_NB_100,05/13/2015,DS,Don Scott,5.2,2.3057,ng/g,in_hive_bees,4.16,17.15,< 5.545,50.3,< 0.837,< 0.360,< 0.303
101,IH_NB_101,05/12/2015,HR,Honeyrun,9.4,2.1025,ng/g,in_hive_bees,5.17,15.19,29.31,< 2.236,< 0.837,2.09,< 0.303
102,IH_NB_102,05/12/2015,IB,IB1,8.8,2.0633,ng/g,in_hive_bees,< 0.995,4.79,7.62,< 2.236,< 0.837,< 0.360,0.98
103,IH_NB_103,05/13/2015,MM,Moorman,7.6,2.2069,ng/g,in_hive_bees,< 0.995,12.9,< 5.545,< 2.236,< 0.837,< 0.360,< 0.303
104,IH_NB_104,05/13/2015,SC,Scioto Darby,5.9,2.359,ng/g,in_hive_bees,< 0.995,8.11,< 5.545,< 2.236,< 0.837,< 0.360,1.07
105,IH_NB_105,05/12/2015,TV,Three Vs,5.2,2.64,ng/g,in_hive_bees,< 0.995,< 3.848,< 5.545,< 2.236,< 0.837,< 0.360,< 0.303
106,IH_NB_106,05/21/2015,BG,Badger,12,2.1693,ng/g,in_hive_bees,< 0.995,< 3.848,< 5.545,< 2.236,< 0.837,1.5,1.97
107,IH_NB_107,05/21/2015,DS,Don Scott,8.6,2.0974,ng/g,in_hive_bees,1.23,< 3.848,12.82,24.46,< 0.837,1.78,0.87
108,IH_NB_108,05/20/2015,HR,Honeyrun,11.4,2.0515,ng/g,in_hive_bees,0.79,< 3.848,< 5.545,15.35,< 0.837,< 0.360,1.13
109,IH_NB_109,05/20/2015,IB,IB1,9.8,2.233,ng/g,in_hive_bees,< 0.122,< 0.206,< 2.347,21.06,< 0.064,< 0.556,0.38
110,IH_NB_110,05/22/2015,MM,Moorman,7,2.2974,ng/g,in_hive_bees,< 0.995,< 3.848,< 5.545,< 2.236,< 0.837,< 0.360,< 0.303
111,IH_NB_111,05/21/2015,SC,Scioto Darby,11.8,2.0678,ng/g,in_hive_bees,< 0.995,19.85,< 5.545,< 2.236,< 0.837,< 0.360,< 0.303
112,IH_NB_112,05/20/2015,TV,Three Vs,7.8,2.08,ng/g,in_hive_bees,< 0.995,8.89,< 5.545,< 2.236,< 0.837,171.6,1.29
1,DBT_1,04/29/2015,BG,Badger,2.1,1.2368,ng/g,dead_bee_traps,< 0.122,< 0.206,< 2.347,161.62,< 0.064,3.28,2.16
2,DBT_2,05/01/2015,DS,Don Scott,4,1.6224,ng/g,dead_bee_traps,< 0.122,< 0.206,29.04,263.3,< 0.064,< 0.556,5.71
3,DBT_3,04/29/2015,FSR,FSR,3.2,1.2851,ng/g,dead_bee_traps,< 0.122,< 0.206,< 2.347,< 5.024,< 0.064,< 0.556,< 0.182
4,DBT_4,04/29/2015,HR,Honeyrun,3.4,1.1453,ng/g,dead_bee_traps,< 0.122,< 0.206,< 2.347,< 5.024,< 0.064,< 0.556,< 0.182
5,DBT_5,04/29/2015,IB,IB1,2.9,1.3037,ng/g,dead_bee_traps,< 0.122,< 0.206,< 2.347,148.91,< 0.064,< 0.556,< 0.182
6,DBT_6,04/29/2015,MM,Moorman,3.3,1.4129,ng/g,dead_bee_traps,< 0.122,< 0.206,< 2.347,< 5.024,47.01,3.06,1.07
7,DBT_7,04/29/2015,SC,Scioto Darby,3.5,1.3415,ng/g,dead_bee_traps,< 0.122,< 0.206,< 2.347,< 5.024,< 0.064,< 0.556,< 0.182
8,DBT_8,04/29/2015,TV,Three Vs,3.6,1.3927,ng/g,dead_bee_traps,< 0.122,< 0.206,< 2.347,< 5.024,< 0.064,< 0.556,3.43
9,DBT_9,04/30/2015,MC,Mechanicsburg,3.5,1.4195,ng/g,dead_bee_traps,< 0.122,< 0.206,< 2.347,< 5.024,< 0.064,< 0.556,< 0.182
10,DBT_10,04/30/2015,WB,WB,3.9,1.4212,ng/g,dead_bee_traps,< 0.122,< 0.206,< 2.347,< 5.024,< 0.064,< 0.556,< 0.182
11,DBT_11,05/02/2015,BG,Badger,1.8,1.2381,ng/g,dead_bee_traps,< 0.122,< 0.206,21.88,< 5.024,< 0.064,< 0.556,6.16
12,DBT_12,05/02/2015,DS,Don Scott,3.5,1.423,ng/g,dead_bee_traps,< 0.122,< 0.206,< 2.347,< 5.024,< 0.064,< 0.556,< 0.182
13,DBT_13,05/02/2015,FSR,FSR,3.9,1.5676,ng/g,dead_bee_traps,< 0.122,< 0.206,< 2.347,< 5.024,< 0.064,< 0.556,< 0.182
14,DBT_14,05/02/2015,HR,Honeyrun,3.3,1.3909,ng/g,dead_bee_traps,< 0.122,< 0.206,< 2.347,< 5.024,< 0.064,1.92,4.1
15,DBT_15,05/02/2015,IB,IB1,3.1,1.2898,ng/g,dead_bee_traps,< 0.122,< 0.206,8.22,26.63,< 0.064,1.26,< 0.182
16,DBT_16,05/02/2015,MC,Mechanicsburg,3.5,1.5524,ng/g,dead_bee_traps,< 0.122,< 0.206,< 2.347,< 5.024,< 0.064,< 0.556,5.57
17,DBT_17,05/02/2015,MM,Moorman,3,1.3715,ng/g,dead_bee_traps,22.76,< 0.206,26.78,< 5.024,< 0.064,4.16,4.04
18,DBT_18,05/02/2015,SC,Scioto Darby,2.9,1.274,ng/g,dead_bee_traps,< 0.122,< 0.206,< 2.347,< 5.024,< 0.064,< 0.556,0.67
19,DBT_19,05/02/2015,TV,Three Vs,3.1,1.0459,ng/g,dead_bee_traps,< 0.122,< 0.206,< 2.347,< 5.024,< 0.064,< 0.556,4.38
20,DBT_20,05/02/2015,WB,WB,2.7,1.3083,ng/g,dead_bee_traps,< 0.122,< 0.206,< 2.347,< 5.024,< 0.064,< 0.556,< 0.182
21,DBT_21,05/05/2015,BG,Badger,2.8,1.2001,ng/g,dead_bee_traps,< 0.122,< 0.206,< 2.347,< 5.024,< 0.064,< 0.556,< 0.182
22,DBT_22,05/05/2015,DS,Don Scott,3.8,1.604,ng/g,dead_bee_traps,< 0.122,< 0.206,< 2.347,< 5.024,< 0.064,< 0.556,2.32
23,DBT_23,05/05/2015,FSR,FSR,3.6,1.5313,ng/g,dead_bee_traps,< 0.122,< 0.206,18.82,< 5.024,< 0.064,< 0.556,< 0.182
24,DBT_24,05/05/2015,HR,Honeyrun,3.1,1.2918,ng/g,dead_bee_traps,< 0.122,7.84,12.55,< 5.024,< 0.064,< 0.556,< 0.182
25,DBT_25,05/05/2015,IB,IB1,2.7,1.1965,ng/g,dead_bee_traps,< 0.122,< 0.206,< 2.347,< 5.024,< 0.064,< 0.556,2.59
26,DBT_26,05/05/2015,MC,Mechanicsburg,4.1,1.5741,ng/g,dead_bee_traps,< 0.122,< 0.206,< 2.347,< 5.024,< 0.064,< 0.556,2.39
27,DBT_27,05/05/2015,MM,Moorman,2.7,1.4358,ng/g,dead_bee_traps,17.62,< 0.206,< 2.347,< 5.024,< 0.064,< 0.556,8.55
28,DBT_28,05/05/2015,SC,Scioto Darby,3.1,1.3815,ng/g,dead_bee_traps,< 0.122,< 0.206,24.83,< 5.024,< 0.064,< 0.556,1.62
29,DBT_29,05/05/2015,TV,Three Vs,3.2,1.1047,ng/g,dead_bee_traps,< 0.122,< 0.206,51.56,< 5.024,< 0.064,4.36,< 0.182
30,DBT_30,05/05/2015,WB,WB,3.5,1.4212,ng/g,dead_bee_traps,< 0.122,< 0.206,< 2.347,< 5.024,< 0.064,< 0.556,< 0.182
31,DBT_31,05/08/2015,BG,Badger,2.2,1.1078,ng/g,dead_bee_traps,< 0.122,< 0.206,< 2.347,< 5.024,< 0.064,2.82,< 0.182
32,DBT_32,05/08/2015,DS,Don Scott,3.6,1.2642,ng/g,dead_bee_traps,16.88,< 0.206,< 2.347,< 5.024,< 0.064,< 0.556,4.2
33,DBT_33,05/08/2015,FSR,FSR,3.6,1.3197,ng/g,dead_bee_traps,< 0.122,< 0.206,34.59,< 5.024,< 0.064,< 0.556,< 0.182
34,DBT_34,05/08/2015,HR,Honeyrun,3,1.2393,ng/g,dead_bee_traps,< 0.122,< 0.206,< 2.347,< 5.024,< 0.064,< 0.556,< 0.182
35,DBT_35,05/08/2015,IB,IB1,2.3,1.2103,ng/g,dead_bee_traps,< 0.122,< 0.206,55.07,< 5.024,< 0.064,< 0.556,4.78
36,DBT_36,05/08/2015,MC,Mechanicsburg,3.4,1.4199,ng/g,dead_bee_traps,8.62,< 0.206,< 2.347,< 5.024,< 0.064,< 0.556,< 0.182
37,DBT_37,05/08/2015,MM,Moorman,2.2,1.1261,ng/g,dead_bee_traps,< 0.122,< 0.206,< 2.347,< 5.024,< 0.064,5.47,3.72
38,DBT_38,05/08/2015,SC,Scioto Darby,2.4,1.1462,ng/g,dead_bee_traps,< 0.122,< 0.206,< 2.347,< 5.024,< 0.064,< 0.556,< 0.182
39,DBT_39,05/08/2015,TV,Three Vs,2.7,1.1534,ng/g,dead_bee_traps,< 0.122,9.33,< 2.347,< 5.024,< 0.064,< 0.556,< 0.182
40,DBT_40,05/08/2015,WB,WB,3.1,1.348,ng/g,dead_bee_traps,28.85,< 0.206,2.33,< 5.024,< 0.064,< 0.556,< 0.182
41,DBT_41,05/11/2015,BG,Badger,3.4,1.3574,ng/g,dead_bee_traps,< 0.122,< 0.206,< 2.347,< 5.024,< 0.064,9.47,< 0.182
42,DBT_42,05/11/2015,DS,Don Scott,3.6,1.4898,ng/g,dead_bee_traps,< 0.122,< 0.206,< 2.347,< 5.024,< 0.064,6.64,< 0.182
43,DBT_43,05/11/2015,FSR,FSR,3.7,1.4043,ng/g,dead_bee_traps,< 0.122,< 0.206,8.98,< 5.024,< 0.064,< 0.556,< 0.182
44,DBT_44,05/11/2015,HR,Honeyrun,3.3,1.3345,ng/g,dead_bee_traps,< 0.122,93.47,< 2.347,< 5.024,< 0.064,< 0.556,< 0.182
45,DBT_45,05/11/2015,IB,IB1,3,1.4359,ng/g,dead_bee_traps,< 0.122,< 0.206,< 2.347,< 5.024,< 0.064,< 0.556,< 0.182
46,DBT_46,05/11/2015,MC,Mechanicsburg,3.5,1.4399,ng/g,dead_bee_traps,< 0.122,< 0.206,< 2.347,< 5.024,< 0.064,< 0.556,< 0.182
47,DBT_47,05/11/2015,MM,Moorman,2.6,1.2422,ng/g,dead_bee_traps,< 0.122,< 0.206,< 2.347,< 5.024,< 0.064,10.93,< 0.182
48,DBT_48,05/11/2015,SC,Scioto Darby,3.5,1.6209,ng/g,dead_bee_traps,< 0.122,< 0.206,< 2.347,< 5.024,< 0.064,6.51,< 0.182
49,DBT_49,05/11/2015,TV,Three Vs,3.3,1.3957,ng/g,dead_bee_traps,< 0.122,< 0.206,< 2.347,40.62,< 0.064,< 0.556,< 0.182
50,DBT_50,05/11/2015,WB,WB,3.5,1.4098,ng/g,dead_bee_traps,< 0.122,< 0.206,62.14,< 5.024,< 0.064,< 0.556,< 0.182
51,DBT_51,05/14/2015,BG,Badger,2.9,1.2833,ng/g,dead_bee_traps,< 0.122,< 0.206,< 2.347,< 5.024,< 0.064,< 0.556,< 0.182
52,DBT_52,05/14/2015,DS,Don Scott,3.9,2.0351,ng/g,dead_bee_traps,< 0.122,< 0.206,< 2.347,< 5.024,< 0.064,< 0.556,< 0.182
53,DBT_53,05/14/2015,FSR,FSR,3.9,2.0108,ng/g,dead_bee_traps,< 0.122,< 0.206,< 2.347,< 5.024,< 0.064,< 0.556,5.94
54,DBT_54,05/14/2015,HR,Honeyrun,3.4,1.386,ng/g,dead_bee_traps,< 0.122,< 0.206,< 2.347,< 5.024,< 0.064,< 0.556,< 0.182
55,DBT_55,05/14/2015,IB,IB1,2.9,1.3265,ng/g,dead_bee_traps,< 0.122,< 0.206,< 2.347,< 5.024,< 0.064,< 0.556,12.11
56,DBT_56,05/14/2015,MC,Mechanicsburg,3.6,1.5045,ng/g,dead_bee_traps,14.63,< 0.206,< 2.347,< 5.024,< 0.064,< 0.556,< 0.182
57,DBT_57,05/14/2015,MM,Moorman,3.3,1.4164,ng/g,dead_bee_traps,< 0.122,< 0.206,< 2.347,< 5.024,< 0.064,< 0.556,< 0.182
58,DBT_58,05/14/2015,SC,Scioto Darby,3.5,1.4757,ng/g,dead_bee_traps,< 0.122,< 0.206,< 2.347,< 5.024,< 0.064,< 0.556,< 0.182
59,DBT_59,05/14/2015,TV,Three Vs,3.1,1.2291,ng/g,dead_bee_traps,< 0.122,< 0.206,< 2.347,1874.97,< 0.064,< 0.556,< 0.182
60,DBT_60,05/14/2015,WB,WB,3.7,1.439,ng/g,dead_bee_traps,< 0.122,< 0.206,< 2.347,< 5.024,< 0.064,< 0.556,6.93
61,DBT_61,05/19/2015,BG,Badger,3.8,1.6893,ng/g,dead_bee_traps,< 0.122,< 0.206,< 2.347,< 5.024,< 0.064,6.14,< 0.182
62,DBT_62,05/19/2015,DS,Don Scott,0.6,0.2083,ng/g,dead_bee_traps,< 0.122,< 0.206,63.06,< 5.024,< 0.064,< 0.556,24.27
63,DBT_63,05/19/2015,FSR,FSR,3.9,1.2644,ng/g,dead_bee_traps,< 0.122,< 0.206,< 2.347,< 5.024,< 0.064,13.61,< 0.182
64,DBT_64,05/19/2015,HR,Honeyrun,3.3,1.1031,ng/g,dead_bee_traps,< 0.122,< 0.206,< 2.347,< 5.024,< 0.064,< 0.556,< 0.182
65,DBT_65,05/19/2015,IB,IB1,2.7,1.0731,ng/g,dead_bee_traps,< 0.122,< 0.206,< 2.347,113.83,< 0.064,< 0.556,14.39
66,DBT_66,05/19/2015,MC,Mechanicsburg,3.8,1.2715,ng/g,dead_bee_traps,65.33,< 0.206,< 2.347,< 5.024,< 0.064,< 0.556,< 0.182
67,DBT_67,05/19/2015,MM,Moorman,3.4,1.5644,ng/g,dead_bee_traps,< 0.122,< 0.206,8.57,< 5.024,< 0.064,< 0.556,< 0.182
68,DBT_68,05/19/2015,SC,Scioto Darby,3.6,1.2933,ng/g,dead_bee_traps,9.98,14.23,< 2.347,< 5.024,< 0.064,< 0.556,1.25
69,DBT_69,05/19/2015,TV,Three Vs,3.7,1.3766,ng/g,dead_bee_traps,< 0.122,< 0.206,< 2.347,< 5.024,< 0.064,< 0.556,< 0.182
70,DBT_70,05/19/2015,WB,WB,3.5,1.307,ng/g,dead_bee_traps,< 0.122,< 0.206,< 2.347,< 5.024,< 0.064,1.45,< 0.182
71,DBT_71,05/23/2015,BG,Badger,2.6,1.5031,ng/g,dead_bee_traps,< 0.122,< 0.206,< 2.347,< 5.024,< 0.064,< 0.556,4.48
72,DBT_72,05/23/2015,FSR,FSR,3.5,1.7576,ng/g,dead_bee_traps,< 0.122,< 0.206,55.92,< 5.024,< 0.064,< 0.556,< 0.182
73,DBT_73,05/23/2015,HR,Honeyrun,3.1,1.364,ng/g,dead_bee_traps,< 0.122,< 0.206,< 2.347,< 5.024,< 0.064,< 0.556,< 0.182
74,DBT_74,05/23/2015,IB,IB1,2.8,1.4455,ng/g,dead_bee_traps,< 0.122,< 0.206,< 2.347,525.29,< 0.064,< 0.556,2.44
75,DBT_75,05/23/2015,MC,Mechanicsburg,3.3,1.4458,ng/g,dead_bee_traps,< 0.122,< 0.206,< 2.347,< 5.024,< 0.064,< 0.556,< 0.182
76,DBT_76,05/23/2015,MM,Moorman,2.7,1.1081,ng/g,dead_bee_traps,< 0.122,< 0.206,< 2.347,< 5.024,< 0.064,< 0.556,< 0.182
77,DBT_77,05/23/2015,SC,Scioto Darby,2.8,1.4441,ng/g,dead_bee_traps,< 0.122,< 0.206,< 2.347,135.5,< 0.064,< 0.556,< 0.182
78,DBT_78,05/23/2015,TV,Three Vs,3.3,1.2241,ng/g,dead_bee_traps,< 0.122,< 0.206,< 2.347,< 5.024,< 0.064,< 0.556,4.78
79,DBT_79,05/23/2015,WB,WB,3.2,1.613,ng/g,dead_bee_traps,< 0.122,< 0.206,< 2.347,< 5.024,< 0.064,< 0.556,2.15
80,DBT_80,05/24/2015,DS,Don Scott,2.8,1.4698,ng/g,dead_bee_traps,< 0.122,< 0.206,< 2.347,591.11,< 0.064,< 0.556,< 0.182
81,DBT_81,05/27/2015,BG,Badger,3.5,1.1453,ng/g,dead_bee_traps,< 0.122,< 0.206,< 2.347,< 5.024,< 0.064,5.16,6.46
82,DBT_82,05/27/2015,DS,Don Scott,0.5,0.2245,ng/g,dead_bee_traps,< 0.122,< 0.206,< 2.347,< 5.024,< 0.064,6.59,< 0.182
83,DBT_83,05/27/2015,FSR,FSR,3.2,1.2424,ng/g,dead_bee_traps,< 0.122,< 0.206,< 2.347,< 5.024,< 0.064,1.72,< 0.182
84,DBT_84,05/27/2015,HR,Honeyrun,2.9,0.9722,ng/g,dead_bee_traps,< 0.122,< 0.206,< 2.347,642,< 0.064,< 0.556,< 0.182
85,DBT_85,05/27/2015,IB,IB1,3.7,1.2093,ng/g,dead_bee_traps,35.21,< 0.206,< 2.347,< 5.024,< 0.064,4.35,< 0.182
86,DBT_86,05/27/2015,MC,Mechanicsburg,3.9,1.6427,ng/g,dead_bee_traps,< 0.122,348.04,274.85,< 5.024,< 0.064,119.99,< 0.182
87,DBT_87,05/27/2015,MM,Moorman,3.3,1.1293,ng/g,dead_bee_traps,< 0.122,< 0.206,14.27,< 5.024,< 0.064,2.77,3.04
88,DBT_88,05/27/2015,SC,Scioto Darby,3.6,1.3708,ng/g,dead_bee_traps,33.58,< 0.206,< 2.347,137.82,< 0.064,< 0.556,< 0.182
89,DBT_89,05/27/2015,TV,Three Vs,4.2,1.1689,ng/g,dead_bee_traps,< 0.122,< 0.206,< 2.347,< 5.024,< 0.064,4.35,< 0.182
90,DBT_90,05/27/2015,WB,WB,3.2,1.2264,ng/g,dead_bee_traps,< 0.122,< 0.206,< 2.347,< 5.024,< 0.064,3.19,5.38
91,DBT_91,06/03/2015,BG,Badger,3.4,1.3135,ng/g,dead_bee_traps,16.73,< 0.206,< 2.347,< 5.024,< 0.064,< 0.556,< 0.182
92,DBT_92,06/03/2015,DS,Don Scott,2.9,1.0593,ng/g,dead_bee_traps,< 0.122,< 0.206,< 2.347,< 5.024,< 0.064,< 0.556,3.09
93,DBT_93,06/03/2015,FSR,FSR,3.3,1.1256,ng/g,dead_bee_traps,< 0.122,< 0.206,< 2.347,316.19,< 0.064,< 0.556,< 0.182
94,DBT_94,06/03/2015,HR,Honeyrun,2.9,1.1375,ng/g,dead_bee_traps,< 0.122,< 0.206,< 2.347,< 5.024,< 0.064,< 0.556,2.7
95,DBT_95,06/03/2015,IB,IB1,2.8,1.2143,ng/g,dead_bee_traps,< 0.122,< 0.206,< 2.347,< 5.024,< 0.064,< 0.556,< 0.182
96,DBT_96,06/03/2015,MC,Mechanicsburg,3.3,1.3734,ng/g,dead_bee_traps,< 0.122,< 0.206,< 2.347,< 5.024,< 0.064,< 0.556,< 0.182
97,DBT_97,06/03/2015,MM,Moorman,3.3,1.2644,ng/g,dead_bee_traps,< 0.122,< 0.206,< 2.347,973.63,< 0.064,27.34,2.48
98,DBT_98,06/03/2015,SC,Scioto Darby,3.5,1.4864,ng/g,dead_bee_traps,< 0.122,< 0.206,< 2.347,< 5.024,< 0.064,< 0.556,13.89
99,DBT_99,06/03/2015,TV,Three Vs,3,1.2635,ng/g,dead_bee_traps,< 0.122,< 0.206,< 2.347,< 5.024,< 0.064,< 0.556,< 0.182
100,DBT_100,06/03/2015,WB,WB,3.3,1.3268,ng/g,dead_bee_traps,< 0.122,< 0.206,< 2.347,< 5.024,< 0.064,< 0.556,< 0.182
1,NB_L_1,8/13/2015,DS519,Don Scott,3.4,0.816,ng/g,nuc_box_larvae,< 0.313,< 0.397,< 0.863,< 2.271,< 0.283,< 0.388,1.37
2,NB_L_2,8/13/2015,MM505,Moorman,3.8,0.8321,ng/g,nuc_box_larvae,< 0.313,< 0.397,< 0.863,< 2.271,< 0.283,< 0.388,< 0.269
3,NB_L_3,8/13/2015,TV505,Three Vs,5.5,1.277,ng/g,nuc_box_larvae,< 0.313,< 0.397,< 0.863,< 2.271,< 0.283,< 0.388,0.398
4,NB_L_4,8/23/2015,DS519,Don Scott,2.2,0.4591,ng/g,nuc_box_larvae,1.382,< 0.397,< 0.863,< 2.271,0.394,< 0.388,0.453
5,NB_L_5,8/25/2015,FSR505,FSR,2.5,0.6065,ng/g,nuc_box_larvae,0.139,< 0.397,< 0.863,< 2.271,0.428,< 0.388,1.465
6,NB_L_6,8/25/2015,DS505 + Cloth,Don Scott,1.7,0.4238,ng/g,nuc_box_larvae,< 0.313,< 0.397,< 0.863,< 2.271,< 0.283,< 0.388,< 0.269
7,NB_L_7,8/25/2015,WB505,WB,0.8,0.2255,ng/g,nuc_box_larvae,2.205,< 0.397,< 0.863,< 2.271,< 0.283,< 0.388,9.767
8,NB_L_8,8/25/2015,DS505,Don Scott,3.5,0.8678,ng/g,nuc_box_larvae,< 0.313,< 0.397,< 0.863,< 2.271,0.647,< 0.388,0.169
9,NB_L_9,9/3/2015,DS511 + Cloth,Don Scott,3.6,0.8384,ng/g,nuc_box_larvae,< 0.313,< 0.397,< 0.863,< 2.271,< 0.283,< 0.388,< 0.269
10,NB_L_10,9/3/2015,HR508,Honeyrun,2.5,0.546,ng/g,nuc_box_larvae,< 0.313,< 0.397,< 0.863,< 2.271,< 0.283,0.216,< 0.269
11,NB_L_11,9/3/2015,DS511,Don Scott,5.5,1.248,ng/g,nuc_box_larvae,< 0.313,< 0.397,< 0.863,< 2.271,< 0.283,1.685,8.605
12,NB_L_12,9/3/2015,FSR502,FSR,4.7,1.064,ng/g,nuc_box_larvae,< 0.313,< 0.397,< 0.863,< 2.271,< 0.283,< 0.388,2.014
13,NB_L_13,9/4/2015,FSR519,FSR,5.8,1.3519,ng/g,nuc_box_larvae,0.048,< 0.397,< 0.863,< 2.271,< 0.283,0.162,< 0.269
14,NB_L_14,9/4/2015,FSR511,FSR,3.8,0.725,ng/g,nuc_box_larvae,< 0.313,< 0.397,< 0.863,< 2.271,< 0.283,< 0.388,< 0.269
15,NB_L_15,9/4/2015,DS519,Don Scott,6.7,1.6473,ng/g,nuc_box_larvae,< 0.313,< 0.397,< 0.863,< 2.271,< 0.283,< 0.388,< 0.269
16,NB_L_16,9/4/2015,SC519,Scioto Darby,6.7,1.5971,ng/g,nuc_box_larvae,< 0.313,< 0.397,< 0.863,< 2.271,< 0.283,< 0.388,< 0.269
17,NB_L_17,9/4/2015,DS519 + Cloth,Don Scott,6.8,1.6485,ng/g,nuc_box_larvae,0.028,< 0.397,< 0.863,< 2.271,< 0.283,< 0.388,< 0.269
18,NB_L_18,9/6/2015,DS505 + Cloth,Don Scott,1.5,0.2978,ng/g,nuc_box_larvae,< 0.313,< 0.397,< 0.863,< 2.271,2.34,< 0.388,0.796
19,NB_L_19,9/6/2015,WB505,WB,3.2,0.7685,ng/g,nuc_box_larvae,< 0.313,< 0.397,< 0.863,< 2.271,0.41,< 0.388,< 0.269
20,NB_L_20,9/7/2015,DS511 + Cloth,Don Scott,4.2,1.0609,ng/g,nuc_box_larvae,< 0.313,< 0.397,< 0.863,< 2.271,< 0.283,3.689,< 0.269
21,NB_L_21,9/7/2015,HR508,Honeyrun,4.5,1.047,ng/g,nuc_box_larvae,< 0.313,< 0.397,< 0.863,< 2.271,0.607,< 0.388,0.415
22,NB_L_22,9/7/2015,DS511,Don Scott,4.4,1.0402,ng/g,nuc_box_larvae,< 0.313,< 0.397,< 0.863,< 2.271,< 0.283,< 0.388,< 0.269
23,NB_L_23,9/7/2015,FSR502,FSR,4.3,1.02,ng/g,nuc_box_larvae,< 0.313,< 0.397,< 0.863,13.244,< 0.283,0.407,< 0.269
24,NB_L_24,9/8/2015,FSR519,FSR,4.2,0.9865,ng/g,nuc_box_larvae,< 0.313,< 0.397,< 0.863,< 2.271,< 0.283,< 0.388,< 0.269
25,NB_L_25,9/11/2015,HR508,Honeyrun,3.2,0.6569,ng/g,nuc_box_larvae,< 0.313,< 0.397,< 0.863,< 2.271,0.647,0.482,0.868
26,NB_L_26,9/11/2015,DS511,Don Scott,4.4,1.0338,ng/g,nuc_box_larvae,< 0.313,< 0.397,< 0.863,< 2.271,< 0.283,0.942,1.06
27,NB_L_27,9/11/2015,FSR502,FSR,2.8,0.5707,ng/g,nuc_box_larvae,< 0.313,< 0.397,< 0.863,30.174,0.982,0.839,< 0.269
28,NB_L_28,9/12/2015,FSR519,FSR,2.9,0.7231,ng/g,nuc_box_larvae,0.426,< 0.397,< 0.863,< 2.271,< 0.283,< 0.388,0.954
29,NB_L_29,9/12/2015,FSR511,FSR,4.1,0.9194,ng/g,nuc_box_larvae,< 0.313,< 0.397,< 0.863,< 2.271,< 0.283,< 0.388,1.322
30,NB_L_30,9/15/2015,FSR502,FSR,1.9,0.4777,ng/g,nuc_box_larvae,< 0.313,< 0.397,< 0.863,2.148,0.981,< 0.388,1.15
31,NB_L_31,9/17/2015,TV514 + Cloth,Three Vs,3,0.5578,ng/g,nuc_box_larvae,< 0.313,< 0.397,< 0.863,< 2.271,1.033,< 0.388,< 0.269
32,NB_L_32,9/17/2015,MM502,Moorman,6.1,1.398,ng/g,nuc_box_larvae,< 0.313,< 0.397,< 0.863,< 2.271,< 0.283,< 0.388,< 0.269
33,NB_L_33,9/17/2015,TV514,Three Vs,4.9,1.0897,ng/g,nuc_box_larvae,< 0.313,< 0.397,< 0.863,< 2.271,< 0.283,< 0.388,< 0.269
34,NB_L_34,9/17/2015,HR502,Honeyrun,5.1,1.1076,ng/g,nuc_box_larvae,< 0.313,< 0.397,< 0.863,< 2.271,< 0.283,< 0.388,< 0.269
35,NB_L_35,9/17/2015,TV502,Three Vs,4,0.7957,ng/g,nuc_box_larvae,< 0.313,< 0.397,< 0.863,< 2.271,0.387,< 0.388,< 0.269
36,NB_L_36,9/17/2015,BG502,Badger,4.4,0.8341,ng/g,nuc_box_larvae,< 0.313,< 0.397,< 0.863,< 2.271,0.957,< 0.388,< 0.269
37,NB_L_37,9/17/2015,BG508,Badger,5,1.2222,ng/g,nuc_box_larvae,< 0.313,< 0.397,< 0.863,< 2.271,< 0.283,0.656,< 0.269
38,NB_L_38,9/21/2015,HR502,Honeyrun,5.1,1.1995,ng/g,nuc_box_larvae,0.686,< 0.397,< 0.863,< 2.271,1.095,< 0.388,< 0.269
39,NB_nb_39,8/12/2015,BG505,Badger,4.5,2.67,ng/g,nuc_box_nurse_bees,< 1.178,< 1.609,< 0.094,< 2.251,< 0.038,< 0.17,< 0.064
40,NB_nb_40,8/12/2015,TV519,Three Vs,4.7,2.7,ng/g,nuc_box_nurse_bees,< 0.045,< 0.375,< 0.386,< 3.284,< 0.018,3.83,< 0.031
41,NB_nb_41,8/12/2015,TV505,Three Vs,5.8,2.309,ng/g,nuc_box_nurse_bees,< 0.045,< 0.375,< 0.386,< 3.284,< 0.018,< 0.14,< 0.031
42,NB_nb_42,8/12/2015,SC505,Scioto Darby,4.9,2.69,ng/g,nuc_box_nurse_bees,< 1.178,< 1.609,< 0.094,< 2.251,< 0.038,< 0.17,< 0.064
43,NB_nb_43,8/13/2015,DS519,Don Scott,3.1,1.62,ng/g,nuc_box_nurse_bees,< 0.045,< 0.375,< 0.386,< 3.284,< 0.018,< 0.14,< 0.031
44,NB_nb_44,8/13/2015,MM505,Moorman,3.9,2.08,ng/g,nuc_box_nurse_bees,NA,NA,NA,NA,NA,NA,NA
45,NB_nb_45,8/13/2015,TV505,Three Vs,5.5,3.05,ng/g,nuc_box_nurse_bees,< 0.045,1.69,< 0.386,< 3.284,< 0.018,< 0.14,< 0.031
46,NB_nb_46,8/16/2015,DS519,Don Scott,3.7,2.34,ng/g,nuc_box_nurse_bees,6.95,< 0.375,13.16,< 3.284,< 0.018,< 0.14,< 0.031
47,NB_nb_47,8/16/2015,MM505,Moorman,4.2,2.03,ng/g,nuc_box_nurse_bees,< 1.178,6.83,< 0.094,< 2.251,< 0.038,< 0.17,< 0.064
48,NB_nb_48,8/16/2015,TV505,Three Vs,4.5,2.53,ng/g,nuc_box_nurse_bees,< 0.045,< 0.375,< 0.386,< 3.284,< 0.018,< 0.14,< 0.031
49,NB_nb_49,8/23/2015,DS519,Don Scott,4.7,2.24,ng/g,nuc_box_nurse_bees,< 1.178,< 1.609,< 0.094,< 2.251,< 0.038,11.14,16.96
50,NB_nb_50,8/23/2015,MM505,Moorman,3.5,1.59,ng/g,nuc_box_nurse_bees,< 0.045,< 0.375,< 0.386,< 3.284,< 0.018,< 0.14,< 0.031
51,NB_nb_51,8/23/2015,TV505,Three Vs,7.4,3.03,ng/g,nuc_box_nurse_bees,< 0.045,< 0.375,< 0.386,< 3.284,< 0.018,< 0.14,< 0.031
52,NB_nb_52,8/25/2015,FSR505,FSR,3.5,1.5,ng/g,nuc_box_nurse_bees,< 1.178,< 1.609,< 0.094,< 2.251,< 0.038,< 0.17,< 0.064
53,NB_nb_53,8/25/2015,DS505 + Cloth,Don Scott,2.9,1.47,ng/g,nuc_box_nurse_bees,< 0.045,< 0.375,< 0.386,< 3.284,< 0.018,< 0.14,< 0.031
54,NB_nb_54,8/25/2015,WB505,WB,4.6,2.91,ng/g,nuc_box_nurse_bees,< 1.178,< 1.609,4.21,< 2.251,< 0.038,< 0.17,< 0.064
55,NB_nb_55,8/25/2015,DS505,Don Scott,8.6,3.13,ng/g,nuc_box_nurse_bees,< 0.045,< 0.375,< 0.386,< 3.284,< 0.018,< 0.14,< 0.031
56,NB_nb_56,8/29/2015,FSR505,FSR,4,2.23,ng/g,nuc_box_nurse_bees,< 1.178,< 1.609,< 0.094,4.32,< 0.038,< 0.17,< 0.064
57,NB_nb_57,8/29/2015,DS505 + Cloth,Don Scott,3.5,1.6,ng/g,nuc_box_nurse_bees,< 0.045,< 0.375,< 0.386,< 3.284,< 0.018,< 0.14,< 0.031
58,NB_nb_58,8/29/2015,WB505,WB,5.9,3.04,ng/g,nuc_box_nurse_bees,NA,NA,NA,NA,NA,NA,NA
59,NB_nb_59,8/29/2015,DS505,Don Scott,5.5,3.06,ng/g,nuc_box_nurse_bees,< 0.045,< 0.375,< 0.386,< 3.284,< 0.018,< 0.14,< 0.031
60,NB_nb_60,9/2/2015,FSR505,FSR,3.1,1.31,ng/g,nuc_box_nurse_bees,< 0.045,< 0.375,< 0.386,< 3.284,< 0.018,< 0.14,0.47
61,NB_nb_61,9/2/2015,DS505 + Cloth,Don Scott,4.6,2.2,ng/g,nuc_box_nurse_bees,< 1.178,< 1.609,< 0.094,12.11,< 0.038,< 0.17,0.35
62,NB_nb_62,9/2/2015,WB505,WB,3.5,1.97,ng/g,nuc_box_nurse_bees,< 0.045,< 0.375,< 0.386,< 3.284,< 0.018,< 0.14,< 0.031
63,NB_nb_63,9/2/2015,DS505,Don Scott,4.3,1.91,ng/g,nuc_box_nurse_bees,< 1.178,< 1.609,< 0.094,< 2.251,< 0.038,< 0.17,< 0.064
64,NB_nb_64,9/3/2015,DS511 + Cloth,Don Scott,5.3,2.55,ng/g,nuc_box_nurse_bees,< 1.178,< 1.609,< 0.094,< 2.251,< 0.038,12.31,29.35
65,NB_nb_65,9/3/2015,HR508,Honeyrun,7.3,3.04,ng/g,nuc_box_nurse_bees,< 1.178,< 1.609,< 0.094,< 2.251,< 0.038,< 0.17,0.06
66,NB_nb_66,9/3/2015,DS511,Don Scott,4.1,1.85,ng/g,nuc_box_nurse_bees,< 0.045,< 0.375,< 0.386,< 3.284,< 0.018,< 0.14,< 0.031
67,NB_nb_67,9/3/2015,FSR502,FSR,4.3,2.26,ng/g,nuc_box_nurse_bees,< 1.178,1.67,< 0.094,< 2.251,< 0.038,2.95,< 0.064
68,NB_nb_68,9/4/2015,FSR519,FSR,7.4,3.03,ng/g,nuc_box_nurse_bees,< 1.178,< 1.609,1.38,< 2.251,< 0.038,< 0.17,< 0.064
69,NB_nb_69,9/4/2015,FSR511,FSR,5.7,2.05,ng/g,nuc_box_nurse_bees,< 0.045,< 0.375,10.66,< 3.284,< 0.018,< 0.14,< 0.031
70,NB_nb_70,9/4/2015,DS519,Don Scott,4.3,1.85,ng/g,nuc_box_nurse_bees,< 1.178,2.28,< 0.094,< 2.251,< 0.038,16.08,16.4
71,NB_nb_71,9/4/2015,SC519,Scioto Darby,5.1,2.98,ng/g,nuc_box_nurse_bees,7.38,< 0.375,< 0.386,< 3.284,< 0.018,2.83,< 0.031
72,NB_nb_72,9/4/2015,DS519 + Cloth,Don Scott,3.9,2.34,ng/g,nuc_box_nurse_bees,0.9,< 1.609,2.31,< 2.251,< 0.038,< 0.17,< 0.064
73,NB_nb_73,9/6/2015,FSR505,FSR,4.9,2.47,ng/g,nuc_box_nurse_bees,< 0.045,< 0.375,< 0.386,< 3.284,< 0.018,< 0.14,< 0.031
74,NB_nb_74,9/6/2015,DS505 + Cloth,Don Scott,5.8,2.54,ng/g,nuc_box_nurse_bees,6.41,< 0.375,< 0.386,< 3.284,< 0.018,< 0.14,< 0.031
75,NB_nb_75,9/6/2015,WB505,WB,6.7,3.01,ng/g,nuc_box_nurse_bees,< 1.178,< 1.609,< 0.094,< 2.251,< 0.038,< 0.17,< 0.064
76,NB_nb_76,9/6/2015,DS505,Don Scott,5.6,2.6,ng/g,nuc_box_nurse_bees,< 0.045,< 0.375,< 0.386,< 3.284,< 0.018,< 0.14,< 0.031
77,NB_nb_77,9/7/2015,DS511 + Cloth,Don Scott,5.5,2.69,ng/g,nuc_box_nurse_bees,< 0.045,< 0.375,< 0.386,< 3.284,< 0.018,< 0.14,< 0.031
78,NB_nb_78,9/7/2015,HR508,Honeyrun,7,3.08,ng/g,nuc_box_nurse_bees,< 0.045,< 0.375,< 0.386,< 3.284,< 0.018,< 0.14,< 0.031
79,NB_nb_79,9/7/2015,DS511,Don Scott,3.9,1.76,ng/g,nuc_box_nurse_bees,< 0.045,< 0.375,< 0.386,< 3.284,< 0.018,< 0.14,< 0.031
80,NB_nb_80,9/7/2015,FSR502,FSR,5.6,2.67,ng/g,nuc_box_nurse_bees,< 0.045,< 0.375,< 0.386,< 3.284,< 0.018,< 0.14,< 0.031
81,NB_nb_81,9/8/2015,FSR519,FSR,5.3,2.52,ng/g,nuc_box_nurse_bees,< 0.045,< 0.375,< 0.386,< 3.284,< 0.018,< 0.14,< 0.031
82,NB_nb_82,9/8/2015,FSR511,FSR,5.6,3.03,ng/g,nuc_box_nurse_bees,< 1.178,3.34,< 0.094,< 2.251,< 0.038,< 0.17,< 0.064
83,NB_nb_83,9/8/2015,DS519,Don Scott,3.9,2.35,ng/g,nuc_box_nurse_bees,< 1.178,< 1.609,< 0.094,< 2.251,< 0.038,< 0.17,< 0.064
84,NB_nb_84,9/8/2015,SC519,Scioto Darby,4.2,1.78,ng/g,nuc_box_nurse_bees,< 0.045,< 0.375,16.57,< 3.284,< 0.018,< 0.14,7.71
85,NB_nb_85,9/8/2015,DS519 + Cloth,Don Scott,5.8,3.02,ng/g,nuc_box_nurse_bees,< 0.045,< 0.375,19.27,< 3.284,< 0.018,< 0.14,< 0.031
86,NB_nb_86,9/11/2015,DS511 + Cloth,Don Scott,3.3,1.1,ng/g,nuc_box_nurse_bees,< 1.178,11.51,< 0.094,15.85,< 0.038,< 0.17,< 0.064
87,NB_nb_87,9/11/2015,HR508,Honeyrun,3.6,2.04,ng/g,nuc_box_nurse_bees,< 1.178,< 1.609,< 0.094,9.2,< 0.038,< 0.17,0.37
88,NB_nb_88,9/11/2015,DS511,Don Scott,4.3,2.15,ng/g,nuc_box_nurse_bees,< 0.045,< 0.375,< 0.386,< 3.284,< 0.018,< 0.14,< 0.031
89,NB_nb_89,9/11/2015,FSR502,FSR,4.3,2.33,ng/g,nuc_box_nurse_bees,< 1.178,< 1.609,< 0.094,19.81,< 0.038,9.41,9.23
90,NB_nb_90,9/12/2015,FSR519,FSR,4.3,2.24,ng/g,nuc_box_nurse_bees,< 1.178,< 1.609,< 0.094,< 2.251,< 0.038,< 0.17,< 0.064
91,NB_nb_91,9/12/2015,FSR511,FSR,3.4,1.97,ng/g,nuc_box_nurse_bees,< 1.178,< 1.609,< 0.094,< 2.251,< 0.038,< 0.17,< 0.064
92,NB_nb_92,9/12/2015,DS519,Don Scott,3.3,1.51,ng/g,nuc_box_nurse_bees,< 0.045,< 0.375,< 0.386,< 3.284,< 0.018,< 0.14,< 0.031
93,NB_nb_93,9/12/2015,SC519,Scioto Darby,4,1.65,ng/g,nuc_box_nurse_bees,10.31,< 1.609,< 0.094,< 2.251,< 0.038,< 0.17,< 0.064
94,NB_nb_94,9/12/2015,DS519 + Cloth,Don Scott,4.5,2.68,ng/g,nuc_box_nurse_bees,9,< 0.375,< 0.386,< 3.284,< 0.018,< 0.14,< 0.031
95,NB_nb_95,9/15/2015,DS511 + Cloth,Don Scott,5.3,2.78,ng/g,nuc_box_nurse_bees,< 0.045,< 0.375,< 0.386,< 3.284,< 0.018,< 0.14,0.7
96,NB_nb_96,9/15/2015,HR508,Honeyrun,6.1,3.14,ng/g,nuc_box_nurse_bees,< 1.178,< 1.609,0.79,< 2.251,< 0.038,< 0.17,< 0.064
97,NB_nb_97,9/15/2015,DS511,Don Scott,6.1,2.97,ng/g,nuc_box_nurse_bees,< 1.178,< 1.609,< 0.094,< 2.251,< 0.038,< 0.17,< 0.064
98,NB_nb_98,9/15/2015,FSR502,FSR,4.9,2.97,ng/g,nuc_box_nurse_bees,< 0.045,< 0.375,< 0.386,< 3.284,< 0.018,< 0.14,< 0.031
99,NB_nb_99,9/16/2015,FSR519,FSR,5.1,2.04,ng/g,nuc_box_nurse_bees,< 0.045,< 0.375,< 0.386,< 3.284,< 0.018,< 0.14,< 0.031
100,NB_nb_100,9/16/2015,FSR511,FSR,7.9,3.05,ng/g,nuc_box_nurse_bees,< 0.045,< 0.375,5.03,< 3.284,< 0.018,< 0.14,< 0.031
101,NB_nb_101,9/16/2015,DS519,Don Scott,5.9,2.84,ng/g,nuc_box_nurse_bees,< 1.178,11.34,< 0.094,< 2.251,< 0.038,< 0.17,< 0.064
102,NB_nb_102,9/16/2015,SC519,Scioto Darby,6.9,3.01,ng/g,nuc_box_nurse_bees,< 0.045,< 0.375,< 0.386,< 3.284,< 0.018,< 0.14,< 0.031
103,NB_nb_103,9/16/2015,DS519 + Cloth,Don Scott,7,3.04,ng/g,nuc_box_nurse_bees,< 0.045,< 0.375,< 0.386,< 3.284,< 0.018,< 0.14,< 0.031
104,NB_nb_104,9/17/2015,TV514 + Cloth,Three Vs,3.6,1.19,ng/g,nuc_box_nurse_bees,11.68,< 1.609,< 0.094,< 2.251,< 0.038,< 0.17,< 0.064
105,NB_nb_105,9/17/2015,MM502,Moorman,3.4,1.17,ng/g,nuc_box_nurse_bees,< 0.045,< 0.375,< 0.386,< 3.284,< 0.018,< 0.14,< 0.031
106,NB_nb_106,9/17/2015,TV514,Three Vs,3.4,1.59,ng/g,nuc_box_nurse_bees,7.84,< 0.375,8.4,< 3.284,< 0.018,< 0.14,< 0.031
107,NB_nb_107,9/17/2015,HR502,Honeyrun,4.8,1.93,ng/g,nuc_box_nurse_bees,< 0.045,< 0.375,< 0.386,< 3.284,< 0.018,< 0.14,< 0.031
108,NB_nb_108,9/17/2015,TV502,Three Vs,4,2.11,ng/g,nuc_box_nurse_bees,< 1.178,< 1.609,< 0.094,54.16,< 0.038,4.32,9.71
109,NB_nb_109,9/17/2015,BG502,Badger,4.2,2.19,ng/g,nuc_box_nurse_bees,< 0.045,< 0.375,< 0.386,< 3.284,< 0.018,< 0.14,< 0.031
110,NB_nb_110,9/17/2015,BG508,Badger,5.8,2.68,ng/g,nuc_box_nurse_bees,< 0.045,< 0.375,< 0.386,< 3.284,< 0.018,< 0.14,< 0.031
111,NB_nb_111,9/21/2015,TV514 + Cloth,Three Vs,4.2,2.21,ng/g,nuc_box_nurse_bees,< 0.045,< 0.375,< 0.386,< 3.284,< 0.018,< 0.14,0.42
112,NB_nb_112,9/21/2015,MM502,Moorman,3.6,1.55,ng/g,nuc_box_nurse_bees,< 1.178,< 1.609,< 0.094,25.61,< 0.038,29.6,44.37
113,NB_nb_113,9/21/2015,TV514,Three Vs,5.2,2.9,ng/g,nuc_box_nurse_bees,< 1.178,< 1.609,< 0.094,< 2.251,< 0.038,< 0.17,0.11
114,NB_nb_114,9/21/2015,HR502,Honeyrun,4.3,1.92,ng/g,nuc_box_nurse_bees,< 0.045,< 0.375,< 0.386,< 3.284,< 0.018,< 0.14,< 0.031
115,NB_nb_115,9/21/2015,TV502,Three Vs,5,2.45,ng/g,nuc_box_nurse_bees,3.34,< 0.375,< 0.386,< 3.284,< 0.018,< 0.14,< 0.031
116,NB_nb_116,9/21/2015,BG502,Badger,6,2.4,ng/g,nuc_box_nurse_bees,< 1.178,6.47,< 0.094,< 2.251,< 0.038,13.79,16.14
117,NB_nb_117,9/21/2015,BG508,Badger,5.5,2.94,ng/g,nuc_box_nurse_bees,< 1.178,< 1.609,1.32,16.06,< 0.038,< 0.17,< 0.064
118,NB_nb_118,9/25/2015,TV514 + Cloth,Three Vs,3.4,1.93,ng/g,nuc_box_nurse_bees,< 0.045,< 0.375,< 0.386,< 3.284,< 0.018,< 0.14,< 0.031
119,NB_nb_119,9/25/2015,MM502,Moorman,2.7,1.25,ng/g,nuc_box_nurse_bees,< 0.045,< 0.375,< 0.386,< 3.284,< 0.018,< 0.14,0.2
120,NB_nb_120,9/25/2015,TV514,Three Vs,2.7,0.95,ng/g,nuc_box_nurse_bees,< 0.045,< 0.375,< 0.386,< 3.284,< 0.018,< 0.14,< 0.031
121,NB_nb_121,9/25/2015,HR502,Honeyrun,3.4,1.68,ng/g,nuc_box_nurse_bees,< 1.178,< 1.609,< 0.094,< 2.251,< 0.038,< 0.17,< 0.064
122,NB_nb_122,9/25/2015,TV502,Three Vs,4.6,2.5,ng/g,nuc_box_nurse_bees,7.31,< 0.375,< 0.386,< 3.284,< 0.018,0.4,< 0.031
123,NB_nb_123,9/25/2015,BG502,Badger,4.9,2.55,ng/g,nuc_box_nurse_bees,< 1.178,4.07,< 0.094,< 2.251,< 0.038,0.21,< 0.064
124,NB_nb_124,9/25/2015,BG508,Badger,6.4,3.04,ng/g,nuc_box_nurse_bees,2.83,< 0.375,3.07,< 3.284,< 0.018,< 0.14,< 0.031
125,NB_nb_125,9/29/2015,TV514 + Cloth,Three Vs,8.7,3.02,ng/g,nuc_box_nurse_bees,< 1.178,< 1.609,< 0.094,< 2.251,< 0.038,< 0.17,< 0.064
126,NB_nb_126,9/29/2015,MM502,Moorman,10.7,2.98,ng/g,nuc_box_nurse_bees,< 0.045,< 0.375,< 0.386,< 3.284,< 0.018,< 0.14,0.3
127,NB_nb_127,9/29/2015,TV514,Three Vs,8.8,2.88,ng/g,nuc_box_nurse_bees,< 0.045,< 0.375,< 0.386,< 3.284,< 0.018,< 0.14,< 0.031
128,NB_nb_128,9/29/2015,HR502,Honeyrun,7.3,2.83,ng/g,nuc_box_nurse_bees,< 1.178,< 1.609,< 0.094,< 2.251,< 0.038,< 0.17,< 0.064
129,NB_nb_129,9/29/2015,TV502,Three Vs,7.5,3.01,ng/g,nuc_box_nurse_bees,< 1.178,< 1.609,0.46,< 2.251,< 0.038,< 0.17,< 0.064
130,NB_nb_130,9/29/2015,BG502,Badger,6.1,2.99,ng/g,nuc_box_nurse_bees,< 0.045,< 0.375,< 0.386,< 3.284,< 0.018,< 0.14,< 0.031
131,NB_nb_131,9/29/2015,BG508,Badger,9.3,3,ng/g,nuc_box_nurse_bees,3.88,< 0.375,< 0.386,< 3.284,< 0.018,< 0.14,0.14
113,IH_RJ_113,04/28/2015,TV,Three Vs,1.4,1.1294,ng/g,royal_jelly,< 0.040,< 0.434,1.306340758,< 0.618,4.103401466,5.138350664,< 0.061
114,IH_RJ_114,05/21/2015,DS,Don Scott,3.1,2.9222,ng/g,royal_jelly,< 0.040,< 0.434,1.301055443,< 0.618,8.683577918,< 0.091,< 0.061
115,IH_RJ_115,05/20/2015,HR,Honeyrun,0.9,0.7436,ng/g,royal_jelly,< 0.040,< 0.434,< 0.202,< 0.618,13.26275083,< 0.091,< 0.061